location_name,horizon,quantile_0.025_per100k,quantile_0.5_per100k,quantile_0.975_per100k,quantile_0.025_count,quantile_0.5_count,quantile_0.975_count,quantile_0.025_per100k_rounded,quantile_0.5_per100k_rounded,quantile_0.975_per100k_rounded,quantile_0.025_count_rounded,quantile_0.5_count_rounded,quantile_0.975_count_rounded,target,target_end_date,reference_date,forecast_due_date,target_end_date_formatted,forecast_due_date_formatted,reference_date_formatted,model
US,0,1.8385272192918394,3.0632860133122226,4.419301222848614,6120,10196.9175135149,14710.755,1.84,3.06,4.42,6120,10197,14711,wk inc covid hosp,2024-12-28,2024-12-28,2024-12-26,"December 28, 2024","December 26, 2024","December 28, 2024",CovidHub-ensemble
US,1,1.7162591509500453,3.222229240869978,5.345547931385456,5713,10726,17794,1.72,3.22,5.35,5713,10726,17794,wk inc covid hosp,2025-01-04,2024-12-28,2024-12-26,"January 04, 2025","December 26, 2024","December 28, 2024",CovidHub-ensemble
US,2,1.5848679934986072,3.22014737916578,5.4876793036062645,5275.63150462764,10719.07,18267.12,1.58,3.22,5.49,5276,10719,18267,wk inc covid hosp,2025-01-11,2024-12-28,2024-12-26,"January 11, 2025","December 26, 2024","December 28, 2024",CovidHub-ensemble
Alabama,0,1.839116762732687,3.2378339024065785,4.770832624505153,90.1752972427947,158.756986227714,233.922749619843,1.84,3.24,4.77,90,159,234,wk inc covid hosp,2024-12-28,2024-12-28,2024-12-26,"December 28, 2024","December 26, 2024","December 28, 2024",CovidHub-ensemble
Alabama,1,1.801479104496628,3.555376224755093,5.693077771009211,88.329853229813,174.326673745758,279.142135306458,1.8,3.56,5.69,88,174,279,wk inc covid hosp,2025-01-04,2024-12-28,2024-12-26,"January 04, 2025","December 26, 2024","December 28, 2024",CovidHub-ensemble
Alabama,2,1.747107500545527,3.916369535428849,6.709951948924138,85.6639129006232,192.026843605717,329.001357466856,1.75,3.92,6.71,86,192,329,wk inc covid hosp,2025-01-11,2024-12-28,2024-12-26,"January 11, 2025","December 26, 2024","December 28, 2024",CovidHub-ensemble
Alaska,0,0.4100909718472548,1.3351518648332954,2.4612293160366074,3,9.76723670959473,18.005,0.41,1.34,2.46,3,10,18,wk inc covid hosp,2024-12-28,2024-12-28,2024-12-26,"December 28, 2024","December 26, 2024","December 28, 2024",CovidHub-ensemble
Alaska,1,0.341742476539379,1.3339029238366593,3.4331449193146013,2.5,9.75810014418089,25.115,0.34,1.33,3.43,2,10,25,wk inc covid hosp,2025-01-04,2024-12-28,2024-12-26,"January 04, 2025","December 26, 2024","December 28, 2024",CovidHub-ensemble
Alaska,2,0.32197360742057834,1.3993001714206645,3.9732259875216154,2.35538182640487,10.2365104390193,29.065936050415,0.32,1.4,3.97,2,10,29,wk inc covid hosp,2025-01-11,2024-12-28,2024-12-26,"January 11, 2025","December 26, 2024","December 28, 2024",CovidHub-ensemble
Arizona,0,2.679212380110052,4.533766046955803,8.064698652205808,195.012286977175,330,587.006591796875,2.68,4.53,8.06,195,330,587,wk inc covid hosp,2024-12-28,2024-12-28,2024-12-26,"December 28, 2024","December 26, 2024","December 28, 2024",CovidHub-ensemble
Arizona,1,1.2436870794004358,3.1186814929059614,7.897336864421078,90.524462875123,227,574.824800897884,1.24,3.12,7.9,91,227,575,wk inc covid hosp,2025-01-04,2024-12-28,2024-12-26,"January 04, 2025","December 26, 2024","December 28, 2024",CovidHub-ensemble
Arizona,2,0.9652286612754419,2.670261283517672,7.818967032717043,70.256262657128,194.360761987819,569.120482634771,0.97,2.67,7.82,70,194,569,wk inc covid hosp,2025-01-11,2024-12-28,2024-12-26,"January 11, 2025","December 26, 2024","December 28, 2024",CovidHub-ensemble
Arkansas,0,0.950214748971759,1.9772564794972072,3.6147619677975773,28.6756187030597,59.6697251285259,109.086431254674,0.95,1.98,3.61,29,60,109,wk inc covid hosp,2024-12-28,2024-12-28,2024-12-26,"December 28, 2024","December 26, 2024","December 28, 2024",CovidHub-ensemble
Arkansas,1,0.7841298165099622,2.0270216326403574,4.539890595943275,23.6635009678303,61.171539910686,137.005,0.78,2.03,4.54,24,61,137,wk inc covid hosp,2025-01-04,2024-12-28,2024-12-26,"January 04, 2025","December 26, 2024","December 28, 2024",CovidHub-ensemble
Arkansas,2,0.6499364251699713,2.2232486505156697,5.642710392769247,19.6138074362364,67.0932867052079,170.285939941406,0.65,2.22,5.64,20,67,170,wk inc covid hosp,2025-01-11,2024-12-28,2024-12-26,"January 11, 2025","December 26, 2024","December 28, 2024",CovidHub-ensemble
California,0,1.2084868016664108,1.9299142214961127,2.9041646176171865,477.5,762.552010906258,1147.5,1.21,1.93,2.9,478,763,1148,wk inc covid hosp,2024-12-28,2024-12-28,2024-12-26,"December 28, 2024","December 26, 2024","December 28, 2024",CovidHub-ensemble
California,1,0.9819746158043298,2.1104246045303148,3.4394420177270213,388,833.875675988886,1359,0.98,2.11,3.44,388,834,1359,wk inc covid hosp,2025-01-04,2024-12-28,2024-12-26,"January 04, 2025","December 26, 2024","December 28, 2024",CovidHub-ensemble
California,2,0.8445169007877815,2.217910360150992,4.1873118604336685,333.687401111957,876.345687442963,1654.5,0.84,2.22,4.19,334,876,1654,wk inc covid hosp,2025-01-11,2024-12-28,2024-12-26,"January 11, 2025","December 26, 2024","December 28, 2024",CovidHub-ensemble
Colorado,0,1.5616863845705655,2.7084068448353946,3.933120799461566,89.9333960353636,155.97,226.498043402081,1.56,2.71,3.93,90,156,226,wk inc covid hosp,2024-12-28,2024-12-28,2024-12-26,"December 28, 2024","December 26, 2024","December 28, 2024",CovidHub-ensemble
Colorado,1,1.354463896243898,2.6176056854664287,4.739662591850347,78,150.741000947002,272.944655955419,1.35,2.62,4.74,78,151,273,wk inc covid hosp,2025-01-04,2024-12-28,2024-12-26,"January 04, 2025","December 26, 2024","December 28, 2024",CovidHub-ensemble
Colorado,2,1.0867679781968491,2.5636235967588026,5.385353609850513,62.5840987968941,147.632314971044,310.128297057761,1.09,2.56,5.39,63,148,310,wk inc covid hosp,2025-01-11,2024-12-28,2024-12-26,"January 11, 2025","December 26, 2024","December 28, 2024",CovidHub-ensemble
Connecticut,0,1.5847251567685854,3.1236325386674064,5.282464846873421,56.5,111.366464828879,188.335032465148,1.58,3.12,5.28,56,111,188,wk inc covid hosp,2024-12-28,2024-12-28,2024-12-26,"December 28, 2024","December 26, 2024","December 28, 2024",CovidHub-ensemble
Connecticut,1,1.430459876021201,3.3141620544236687,6.759616090523092,51,118.1593888853,240.999713725328,1.43,3.31,6.76,51,118,241,wk inc covid hosp,2025-01-04,2024-12-28,2024-12-26,"January 04, 2025","December 26, 2024","December 28, 2024",CovidHub-ensemble
Connecticut,2,1.4024116431580402,3.502679842991125,8.767597110695435,50,124.880589093783,312.59,1.4,3.5,8.77,50,125,313,wk inc covid hosp,2025-01-11,2024-12-28,2024-12-26,"January 11, 2025","December 26, 2024","December 28, 2024",CovidHub-ensemble
Delaware,0,2.284684717366867,4.105357557668152,6.807382595597024,22.2474372912203,39.9764939678517,66.2878410581894,2.28,4.11,6.81,22,40,66,wk inc covid hosp,2024-12-28,2024-12-28,2024-12-26,"December 28, 2024","December 26, 2024","December 28, 2024",CovidHub-ensemble
Delaware,1,2.10114039217831,4.6192211241760015,8.003485103824067,20.4601487284912,44.9803123876212,77.9350566864014,2.1,4.62,8,20,45,78,wk inc covid hosp,2025-01-04,2024-12-28,2024-12-26,"January 04, 2025","December 26, 2024","December 28, 2024",CovidHub-ensemble
Delaware,2,1.9640825463244584,5.097155541350851,10.029068260179242,19.1255287663909,49.6342656856797,97.6594562530518,1.96,5.1,10.03,19,50,98,wk inc covid hosp,2025-01-11,2024-12-28,2024-12-26,"January 11, 2025","December 26, 2024","December 28, 2024",CovidHub-ensemble
District of Columbia,0,0.6914082664596095,1.909619840613462,3.7843376212122437,4.87960692645603,13.4771229289311,26.7079249183292,0.69,1.91,3.78,5,13,27,wk inc covid hosp,2024-12-28,2024-12-28,2024-12-26,"December 28, 2024","December 26, 2024","December 28, 2024",CovidHub-ensemble
District of Columbia,1,0.610947716864833,1.862092712952622,5.950290014372886,4.31175740229639,13.141700700736,41.9941122735365,0.61,1.86,5.95,4,13,42,wk inc covid hosp,2025-01-04,2024-12-28,2024-12-26,"January 04, 2025","December 26, 2024","December 28, 2024",CovidHub-ensemble
District of Columbia,2,0.5667737396723197,1.7667217179954204,7.747695094625257,4,12.4686208575355,54.6792806533668,0.57,1.77,7.75,4,12,55,wk inc covid hosp,2025-01-11,2024-12-28,2024-12-26,"January 11, 2025","December 26, 2024","December 28, 2024",CovidHub-ensemble
Florida,0,1.0070306893743088,1.9776812830575958,3.403035431526143,216.287402973101,424.761184673336,730.895,1.01,1.98,3.4,216,425,731,wk inc covid hosp,2024-12-28,2024-12-28,2024-12-26,"December 28, 2024","December 26, 2024","December 28, 2024",CovidHub-ensemble
Florida,1,0.8991796192297121,2.2129383693094065,4.907104505470013,193.123433775759,475.289082932363,1053.935,0.9,2.21,4.91,193,475,1054,wk inc covid hosp,2025-01-04,2024-12-28,2024-12-26,"January 04, 2025","December 26, 2024","December 28, 2024",CovidHub-ensemble
Florida,2,0.73919948175115,2.4181012027706736,6.3788041585836535,158.763320595875,519.353416724922,1370.02278092566,0.74,2.42,6.38,159,519,1370,wk inc covid hosp,2025-01-11,2024-12-28,2024-12-26,"January 11, 2025","December 26, 2024","December 28, 2024",CovidHub-ensemble
Georgia,0,1.010853932992827,1.7000358749952789,2.6324655238846564,107.326637977985,180.5,279.5,1.01,1.7,2.63,107,180,280,wk inc covid hosp,2024-12-28,2024-12-28,2024-12-26,"December 28, 2024","December 26, 2024","December 28, 2024",CovidHub-ensemble
Georgia,1,0.8625956081611631,1.8352841685764711,3.129630800095871,91.5854244978932,194.859883429797,332.286140384463,0.86,1.84,3.13,92,195,332,wk inc covid hosp,2025-01-04,2024-12-28,2024-12-26,"January 04, 2025","December 26, 2024","December 28, 2024",CovidHub-ensemble
Georgia,2,0.7594596972145501,2.0002955203213717,3.698593619322994,80.635048567788,212.379836642571,392.695329614532,0.76,2,3.7,81,212,393,wk inc covid hosp,2025-01-11,2024-12-28,2024-12-26,"January 11, 2025","December 26, 2024","December 28, 2024",CovidHub-ensemble
Hawaii,0,0.21659680431335387,0.9701201703130368,2.0404386837228223,3.06673350516757,13.7356598578146,28.89,0.22,0.97,2.04,3,14,29,wk inc covid hosp,2024-12-28,2024-12-28,2024-12-26,"December 28, 2024","December 26, 2024","December 28, 2024",CovidHub-ensemble
Hawaii,1,0.2652653880414818,1.0649108665656428,2.602636396510419,3.75581835497069,15.0777747846603,36.85,0.27,1.06,2.6,4,15,37,wk inc covid hosp,2025-01-04,2024-12-28,2024-12-26,"January 04, 2025","December 26, 2024","December 28, 2024",CovidHub-ensemble
Hawaii,2,0.21188356009582787,1.0702066118396507,3.4124344457464444,3,15.1527557591863,48.3157038356791,0.21,1.07,3.41,3,15,48,wk inc covid hosp,2025-01-11,2024-12-28,2024-12-26,"January 11, 2025","December 26, 2024","December 28, 2024",CovidHub-ensemble
Idaho,0,1.1316973923850728,2.3930082737712732,3.7516822275630712,20.2241680052263,42.7646133076706,67.045,1.13,2.39,3.75,20,43,67,wk inc covid hosp,2024-12-28,2024-12-28,2024-12-26,"December 28, 2024","December 26, 2024","December 28, 2024",CovidHub-ensemble
Idaho,1,1.0646743614184486,2.5070982649666185,4.1268440590491675,19.0264228768826,44.8034756088257,73.749385783847,1.06,2.51,4.13,19,45,74,wk inc covid hosp,2025-01-04,2024-12-28,2024-12-26,"January 04, 2025","December 26, 2024","December 28, 2024",CovidHub-ensemble
Idaho,2,1.046763174413516,2.7050437004771846,4.639541103355966,18.7063383228329,48.3408892059326,82.9116152186883,1.05,2.71,4.64,19,48,83,wk inc covid hosp,2025-01-11,2024-12-28,2024-12-26,"January 11, 2025","December 26, 2024","December 28, 2024",CovidHub-ensemble
Illinois,0,2.68981028281932,4.325950194730781,6.123019262752243,340.847944278458,548.176665225436,775.898040771484,2.69,4.33,6.12,341,548,776,wk inc covid hosp,2024-12-28,2024-12-28,2024-12-26,"December 28, 2024","December 26, 2024","December 28, 2024",CovidHub-ensemble
Illinois,1,2.672753964987116,4.71244225292076,7.2278877676696975,338.68659821357,597.152247018486,915.905,2.67,4.71,7.23,339,597,916,wk inc covid hosp,2025-01-04,2024-12-28,2024-12-26,"January 04, 2025","December 26, 2024","December 28, 2024",CovidHub-ensemble
Illinois,2,2.6258209902905985,5.096119761275384,8.40213712803811,332.739335670052,645.771174094444,1064.70377703953,2.63,5.1,8.4,333,646,1065,wk inc covid hosp,2025-01-11,2024-12-28,2024-12-26,"January 11, 2025","December 26, 2024","December 28, 2024",CovidHub-ensemble
Indiana,0,3.568807249828088,5.540954541371055,7.714817171740432,240.259919746304,373.029194415545,519.378387451172,3.57,5.54,7.71,240,373,519,wk inc covid hosp,2024-12-28,2024-12-28,2024-12-26,"December 28, 2024","December 26, 2024","December 28, 2024",CovidHub-ensemble
Indiana,1,3.5086499711313612,5.818066821652712,8.850053748994203,236.21,391.685,595.805,3.51,5.82,8.85,236,392,596,wk inc covid hosp,2025-01-04,2024-12-28,2024-12-26,"January 04, 2025","December 26, 2024","December 28, 2024",CovidHub-ensemble
Indiana,2,3.3505297436105392,6.093708792686899,9.501621976349849,225.565,410.241821145938,639.67,3.35,6.09,9.5,226,410,640,wk inc covid hosp,2025-01-11,2024-12-28,2024-12-26,"January 11, 2025","December 26, 2024","December 28, 2024",CovidHub-ensemble
Iowa,0,1.4458897160692978,2.7220381190370326,4.331446463519891,45.6188326647876,85.8822080823017,136.660167936577,1.45,2.72,4.33,46,86,137,wk inc covid hosp,2024-12-28,2024-12-28,2024-12-26,"December 28, 2024","December 26, 2024","December 28, 2024",CovidHub-ensemble
Iowa,1,1.379375063670914,2.7966509735760474,5.038700332779843,43.5202488213619,88.2362958720058,158.974522589437,1.38,2.8,5.04,44,88,159,wk inc covid hosp,2025-01-04,2024-12-28,2024-12-26,"January 04, 2025","December 26, 2024","December 28, 2024",CovidHub-ensemble
Iowa,2,1.3787332769162015,2.8331666975944305,5.98070374144729,43.5,89.3883925257926,188.695389535281,1.38,2.83,5.98,44,89,189,wk inc covid hosp,2025-01-11,2024-12-28,2024-12-26,"January 11, 2025","December 26, 2024","December 28, 2024",CovidHub-ensemble
Kansas,0,2.519534196083361,4.273483737077431,6.2304279580233715,73.401942469284,124.5,181.511929961009,2.52,4.27,6.23,73,124,182,wk inc covid hosp,2024-12-28,2024-12-28,2024-12-26,"December 28, 2024","December 26, 2024","December 28, 2024",CovidHub-ensemble
Kansas,1,2.4037419028585765,4.639517184547941,7.318771142838534,70.0285493798453,135.163703669841,213.218784332275,2.4,4.64,7.32,70,135,213,wk inc covid hosp,2025-01-04,2024-12-28,2024-12-26,"January 04, 2025","December 26, 2024","December 28, 2024",CovidHub-ensemble
Kansas,2,2.21397350234132,4.971115573656839,7.878146742079261,64.5,144.824205963525,229.515151977539,2.21,4.97,7.88,64,145,230,wk inc covid hosp,2025-01-11,2024-12-28,2024-12-26,"January 11, 2025","December 26, 2024","December 28, 2024",CovidHub-ensemble
Kentucky,0,2.6308766790756843,4.469047129606554,6.435446604801358,117.538967054361,199.662411966707,287.514710392127,2.63,4.47,6.44,118,200,288,wk inc covid hosp,2024-12-28,2024-12-28,2024-12-26,"December 28, 2024","December 26, 2024","December 28, 2024",CovidHub-ensemble
Kentucky,1,2.2775838786768863,4.886615828480128,8.285325803233965,101.755,218.318015982733,370.161263873117,2.28,4.89,8.29,102,218,370,wk inc covid hosp,2025-01-04,2024-12-28,2024-12-26,"January 04, 2025","December 26, 2024","December 28, 2024",CovidHub-ensemble
Kentucky,2,2.1692294482855727,5.034507585392216,9.606699657529367,96.9140783691035,224.92533607552,429.195926790532,2.17,5.03,9.61,97,225,429,wk inc covid hosp,2025-01-11,2024-12-28,2024-12-26,"January 11, 2025","December 26, 2024","December 28, 2024",CovidHub-ensemble
Louisiana,0,1.3873431850278308,2.6049556794540263,4.001037688484368,64.4947267449827,121.099023329118,186,1.39,2.6,4,64,121,186,wk inc covid hosp,2024-12-28,2024-12-28,2024-12-26,"December 28, 2024","December 26, 2024","December 28, 2024",CovidHub-ensemble
Louisiana,1,1.3524700187588996,2.8128262696860946,4.856289740154522,62.8735450838626,130.762498855591,225.758906062919,1.35,2.81,4.86,63,131,226,wk inc covid hosp,2025-01-04,2024-12-28,2024-12-26,"January 04, 2025","December 26, 2024","December 28, 2024",CovidHub-ensemble
Louisiana,2,1.2265584698423118,3.0257232578141555,5.733396388872124,57.0201765525212,140.659641265869,266.533787322104,1.23,3.03,5.73,57,141,267,wk inc covid hosp,2025-01-11,2024-12-28,2024-12-26,"January 11, 2025","December 26, 2024","December 28, 2024",CovidHub-ensemble
Maine,0,0.539104892799705,1.4440666967202644,2.7897385233876797,7.24671266160077,19.4113178253174,37.5,0.54,1.44,2.79,7,19,38,wk inc covid hosp,2024-12-28,2024-12-28,2024-12-26,"December 28, 2024","December 26, 2024","December 28, 2024",CovidHub-ensemble
Maine,1,0.5038404794566899,1.4878605458067626,3.5086600641989287,6.77268418571436,20,47.1638296221697,0.5,1.49,3.51,7,20,47,wk inc covid hosp,2025-01-04,2024-12-28,2024-12-26,"January 04, 2025","December 26, 2024","December 28, 2024",CovidHub-ensemble
Maine,2,0.46734918436689304,1.4532571216071573,3.957186658379675,6.2821638181619,19.534856619498,53.1929779243386,0.47,1.45,3.96,6,20,53,wk inc covid hosp,2025-01-11,2024-12-28,2024-12-26,"January 11, 2025","December 26, 2024","December 28, 2024",CovidHub-ensemble
Maryland,0,0.7733203683688353,1.4596575286156528,2.37359569146895,46.752474846401,88.2462232760108,143.5,0.77,1.46,2.37,47,88,144,wk inc covid hosp,2024-12-28,2024-12-28,2024-12-26,"December 28, 2024","December 26, 2024","December 28, 2024",CovidHub-ensemble
Maryland,1,0.6878102733818114,1.4921956078008296,2.942106997359685,41.5828081357895,90.2133714216932,177.870374317975,0.69,1.49,2.94,42,90,178,wk inc covid hosp,2025-01-04,2024-12-28,2024-12-26,"January 04, 2025","December 26, 2024","December 28, 2024",CovidHub-ensemble
Maryland,2,0.5892473220732755,1.6276838619840415,3.398563806713323,35.6240075011196,98.4045577071968,205.466292349706,0.59,1.63,3.4,36,98,205,wk inc covid hosp,2025-01-11,2024-12-28,2024-12-26,"January 11, 2025","December 26, 2024","December 28, 2024",CovidHub-ensemble
Massachusetts,0,3.6981522637616844,5.404300758573888,7.625138406576029,254.895255724342,372.491591913728,525.562893427405,3.7,5.4,7.63,255,372,526,wk inc covid hosp,2024-12-28,2024-12-28,2024-12-26,"December 28, 2024","December 26, 2024","December 28, 2024",CovidHub-ensemble
Massachusetts,1,2.731663664128982,5.312888437612679,8.906715039797371,188.28,366.190994949107,613.895601319485,2.73,5.31,8.91,188,366,614,wk inc covid hosp,2025-01-04,2024-12-28,2024-12-26,"January 04, 2025","December 26, 2024","December 28, 2024",CovidHub-ensemble
Massachusetts,2,2.08066648647088,5.157840992543957,9.658505359214686,143.41,355.504345146322,665.712771639033,2.08,5.16,9.66,143,356,666,wk inc covid hosp,2025-01-11,2024-12-28,2024-12-26,"January 11, 2025","December 26, 2024","December 28, 2024",CovidHub-ensemble
Michigan,0,2.5943188689481884,4.954317856443104,8.040567718151967,259.090915565873,494.780639648438,803,2.59,4.95,8.04,259,495,803,wk inc covid hosp,2024-12-28,2024-12-28,2024-12-26,"December 28, 2024","December 26, 2024","December 28, 2024",CovidHub-ensemble
Michigan,1,1.9975401475693002,4.899256055554446,9.147160192006002,199.491478055335,489.281696332063,913.513807936565,2,4.9,9.15,199,489,914,wk inc covid hosp,2025-01-04,2024-12-28,2024-12-26,"January 04, 2025","December 26, 2024","December 28, 2024",CovidHub-ensemble
Michigan,2,1.4694530636965464,4.7311942184177065,10.14443850287663,146.752176153493,472.497600985644,1013.11056673523,1.47,4.73,10.14,147,472,1013,wk inc covid hosp,2025-01-11,2024-12-28,2024-12-26,"January 11, 2025","December 26, 2024","December 28, 2024",CovidHub-ensemble
Minnesota,0,4.270127401207259,7.2455421031942695,9.481414338127008,240.819471359253,408.621911025217,534.716877065599,4.27,7.25,9.48,241,409,535,wk inc covid hosp,2024-12-28,2024-12-28,2024-12-26,"December 28, 2024","December 26, 2024","December 28, 2024",CovidHub-ensemble
Minnesota,1,4.4809768244395025,7.094658531358447,10.490810899644835,252.710602903674,400.112632825221,591.643128555858,4.48,7.09,10.49,253,400,592,wk inc covid hosp,2025-01-04,2024-12-28,2024-12-26,"January 04, 2025","December 26, 2024","December 28, 2024",CovidHub-ensemble
Minnesota,2,3.963580235758291,7.389060908337511,10.66467783854943,223.5313393215,416.715843486093,601.448584079742,3.96,7.39,10.66,224,417,601,wk inc covid hosp,2025-01-11,2024-12-28,2024-12-26,"January 11, 2025","December 26, 2024","December 28, 2024",CovidHub-ensemble
Mississippi,0,0.8577439618905237,1.8689270110574403,3.216021863921369,25.5277383443652,55.6220525503159,95.7136025428772,0.86,1.87,3.22,26,56,96,wk inc covid hosp,2024-12-28,2024-12-28,2024-12-26,"December 28, 2024","December 26, 2024","December 28, 2024",CovidHub-ensemble
Mississippi,1,0.7400146221727575,1.9656273929833488,3.807376008962925,22.0239377776483,58.5,113.31318301699,0.74,1.97,3.81,22,58,113,wk inc covid hosp,2025-01-04,2024-12-28,2024-12-26,"January 04, 2025","December 26, 2024","December 28, 2024",CovidHub-ensemble
Mississippi,2,0.5824025629325682,2.2054158358181395,5.017594410468629,17.333168052692,65.6364613435432,149.331085871218,0.58,2.21,5.02,17,66,149,wk inc covid hosp,2025-01-11,2024-12-28,2024-12-26,"January 11, 2025","December 26, 2024","December 28, 2024",CovidHub-ensemble
Missouri,0,1.5411741941236763,2.9284186492207125,4.262944192308777,102.123919858895,194.047884130553,282.478497705333,1.54,2.93,4.26,102,194,282,wk inc covid hosp,2024-12-28,2024-12-28,2024-12-26,"December 28, 2024","December 26, 2024","December 28, 2024",CovidHub-ensemble
Missouri,1,1.4010562243861686,3.0580228543229766,5.093470492773496,92.83918334642,202.63593959223,337.5122516267,1.4,3.06,5.09,93,203,338,wk inc covid hosp,2025-01-04,2024-12-28,2024-12-26,"January 04, 2025","December 26, 2024","December 28, 2024",CovidHub-ensemble
Missouri,2,1.295412828688104,3.0851825687337002,5.765156304371171,85.8388600104682,204.435643031625,382.020645457523,1.3,3.09,5.77,86,204,382,wk inc covid hosp,2025-01-11,2024-12-28,2024-12-26,"January 11, 2025","December 26, 2024","December 28, 2024",CovidHub-ensemble
Montana,0,0.8394729408392323,2.1052080039072663,3.8401812717038712,8.97210210764273,22.5,41.0430125920912,0.84,2.11,3.84,9,22,41,wk inc covid hosp,2024-12-28,2024-12-28,2024-12-26,"December 28, 2024","December 26, 2024","December 28, 2024",CovidHub-ensemble
Montana,1,0.7000913130904856,2.2455552041677507,5.0203575784015015,7.48242193422223,24,53.656477319288,0.7,2.25,5.02,7,24,54,wk inc covid hosp,2025-01-04,2024-12-28,2024-12-26,"January 04, 2025","December 26, 2024","December 28, 2024",CovidHub-ensemble
Montana,2,0.6448117016288546,2.1987728040809222,5.797813663750611,6.89160560843484,23.5,61.9657569191605,0.64,2.2,5.8,7,24,62,wk inc covid hosp,2025-01-11,2024-12-28,2024-12-26,"January 11, 2025","December 26, 2024","December 28, 2024",CovidHub-ensemble
Nebraska,0,2.062388079453766,3.275986881870474,5.23865551026252,39.895,63.370952321853,101.336971282959,2.06,3.28,5.24,40,63,101,wk inc covid hosp,2024-12-28,2024-12-28,2024-12-26,"December 28, 2024","December 26, 2024","December 28, 2024",CovidHub-ensemble
Nebraska,1,1.7896394612357787,3.3223310908629147,5.557255759901738,34.6189289093018,64.2674384081395,107.5,1.79,3.32,5.56,35,64,108,wk inc covid hosp,2025-01-04,2024-12-28,2024-12-26,"January 04, 2025","December 26, 2024","December 28, 2024",CovidHub-ensemble
Nebraska,2,1.5686079506549806,3.3157686843144774,6.014632994129574,30.343277686106,64.140494690874,116.347541809082,1.57,3.32,6.01,30,64,116,wk inc covid hosp,2025-01-11,2024-12-28,2024-12-26,"January 11, 2025","December 26, 2024","December 28, 2024",CovidHub-ensemble
Nevada,0,1.059867296142361,1.928911038840036,3.1053098863691746,32.6455661141667,59.4134690974937,95.6483887835933,1.06,1.93,3.11,33,59,96,wk inc covid hosp,2024-12-28,2024-12-28,2024-12-26,"December 28, 2024","December 26, 2024","December 28, 2024",CovidHub-ensemble
Nevada,1,0.9048876164038251,2.0450004619641313,3.7660430186003566,27.8719502099194,62.9892044292159,116,0.9,2.05,3.77,28,63,116,wk inc covid hosp,2025-01-04,2024-12-28,2024-12-26,"January 04, 2025","December 26, 2024","December 28, 2024",CovidHub-ensemble
Nevada,2,0.7438845650239079,2.1149123921370703,4.347304152680383,22.9128050626578,65.1426009411535,133.903749697034,0.74,2.11,4.35,23,65,134,wk inc covid hosp,2025-01-11,2024-12-28,2024-12-26,"January 11, 2025","December 26, 2024","December 28, 2024",CovidHub-ensemble
New Hampshire,0,1.6179908818859303,3.088891683600412,5.139944141952886,22,42,69.888385891989,1.62,3.09,5.14,22,42,70,wk inc covid hosp,2024-12-28,2024-12-28,2024-12-26,"December 28, 2024","December 26, 2024","December 28, 2024",CovidHub-ensemble
New Hampshire,1,1.43412828167162,3.368958111294106,6.170813936315614,19.5,45.8080940246582,83.9052358816164,1.43,3.37,6.17,20,46,84,wk inc covid hosp,2025-01-04,2024-12-28,2024-12-26,"January 04, 2025","December 26, 2024","December 28, 2024",CovidHub-ensemble
New Hampshire,2,1.2134931614144477,2.942832351709584,6.964715296118073,16.5,40.0140151977539,94.7,1.21,2.94,6.96,16,40,95,wk inc covid hosp,2025-01-11,2024-12-28,2024-12-26,"January 11, 2025","December 26, 2024","December 28, 2024",CovidHub-ensemble
New Jersey,0,2.0036519108353232,3.6085748369114037,6.0799438500209515,177.968169659024,320.520473306661,540.032164652176,2,3.61,6.08,178,321,540,wk inc covid hosp,2024-12-28,2024-12-28,2024-12-26,"December 28, 2024","December 26, 2024","December 28, 2024",CovidHub-ensemble
New Jersey,1,1.7380798167890463,3.989695665898973,7.83393509933924,154.379551678855,354.372349466912,695.825,1.74,3.99,7.83,154,354,696,wk inc covid hosp,2025-01-04,2024-12-28,2024-12-26,"January 04, 2025","December 26, 2024","December 28, 2024",CovidHub-ensemble
New Jersey,2,1.670204047102336,4.181668685422446,9.946567650006541,148.350696851319,371.423757809724,883.473037152116,1.67,4.18,9.95,148,371,883,wk inc covid hosp,2025-01-11,2024-12-28,2024-12-26,"January 11, 2025","December 26, 2024","December 28, 2024",CovidHub-ensemble
New Mexico,0,2.7659461249552635,4.101431256435313,5.818309456803583,57.9971604724382,86,122,2.77,4.1,5.82,58,86,122,wk inc covid hosp,2024-12-28,2024-12-28,2024-12-26,"December 28, 2024","December 26, 2024","December 28, 2024",CovidHub-ensemble
New Mexico,1,1.7645692614896111,3.4814474618578815,6.19983794577431,37,73,130,1.76,3.48,6.2,37,73,130,wk inc covid hosp,2025-01-04,2024-12-28,2024-12-26,"January 04, 2025","December 26, 2024","December 28, 2024",CovidHub-ensemble
New Mexico,2,1.0968944057908394,3.147610034008496,6.336711291192558,23,66,132.87,1.1,3.15,6.34,23,66,133,wk inc covid hosp,2025-01-11,2024-12-28,2024-12-26,"January 11, 2025","December 26, 2024","December 28, 2024",CovidHub-ensemble
New York,0,1.8853360574961058,3.2925886153666926,4.742062391559057,366.765,640.525734769415,922.5,1.89,3.29,4.74,367,641,922,wk inc covid hosp,2024-12-28,2024-12-28,2024-12-26,"December 28, 2024","December 26, 2024","December 28, 2024",CovidHub-ensemble
New York,1,1.8136782258014352,3.598877116500496,5.883228324786089,352.825,700.109755173465,1144.49741093154,1.81,3.6,5.88,353,700,1144,wk inc covid hosp,2025-01-04,2024-12-28,2024-12-26,"January 04, 2025","December 26, 2024","December 28, 2024",CovidHub-ensemble
New York,2,1.7801141543554466,3.9101180611453605,7.110190876990696,346.295592887171,760.65720219693,1383.18531947182,1.78,3.91,7.11,346,761,1383,wk inc covid hosp,2025-01-11,2024-12-28,2024-12-26,"January 11, 2025","December 26, 2024","December 28, 2024",CovidHub-ensemble
North Carolina,0,1.1648541774989694,2.1596293208856165,3.379267215182373,122.170884613601,226.503737263113,354.420384112788,1.16,2.16,3.38,122,227,354,wk inc covid hosp,2024-12-28,2024-12-28,2024-12-26,"December 28, 2024","December 26, 2024","December 28, 2024",CovidHub-ensemble
North Carolina,1,1.0467489407683996,2.312552311464487,4.292258838496554,109.7839081769,242.542428970337,450.175712478943,1.05,2.31,4.29,110,243,450,wk inc covid hosp,2025-01-04,2024-12-28,2024-12-26,"January 04, 2025","December 26, 2024","December 28, 2024",CovidHub-ensemble
North Carolina,2,0.9571718430420466,2.4047824131793947,4.831990789799195,100.388986922598,252.215599511482,506.783252906403,0.96,2.4,4.83,100,252,507,wk inc covid hosp,2025-01-11,2024-12-28,2024-12-26,"January 11, 2025","December 26, 2024","December 28, 2024",CovidHub-ensemble
North Dakota,0,1.3067497846330391,2.7389766498566126,4.547726057257086,9.95824354377023,20.8727002374303,34.6564921464545,1.31,2.74,4.55,10,21,35,wk inc covid hosp,2024-12-28,2024-12-28,2024-12-26,"December 28, 2024","December 26, 2024","December 28, 2024",CovidHub-ensemble
North Dakota,1,1.0236910329718987,2.8869042151426,5.773820694390089,7.80116035968631,22,44.000093460083,1.02,2.89,5.77,8,22,44,wk inc covid hosp,2025-01-04,2024-12-28,2024-12-26,"January 04, 2025","December 26, 2024","December 28, 2024",CovidHub-ensemble
North Dakota,2,0.7402799678510541,2.8869042151426,6.861611632700896,5.6413923286051,22,52.2897348403931,0.74,2.89,6.86,6,22,52,wk inc covid hosp,2025-01-11,2024-12-28,2024-12-26,"January 11, 2025","December 26, 2024","December 28, 2024",CovidHub-ensemble
Ohio,0,3.480434525358856,5.764635736471439,8.08641079900935,406.831472103722,673.834035871883,945.228644707002,3.48,5.76,8.09,407,674,945,wk inc covid hosp,2024-12-28,2024-12-28,2024-12-26,"December 28, 2024","December 26, 2024","December 28, 2024",CovidHub-ensemble
Ohio,1,3.7828022841096147,6.349255980132082,9.43261003618867,442.175541791857,742.170880773619,1102.58721974013,3.78,6.35,9.43,442,742,1103,wk inc covid hosp,2025-01-04,2024-12-28,2024-12-26,"January 04, 2025","December 26, 2024","December 28, 2024",CovidHub-ensemble
Ohio,2,3.5302368023113675,6.715842919855343,10.730990680971589,412.652910058978,785.021594744811,1254.35623168945,3.53,6.72,10.73,413,785,1254,wk inc covid hosp,2025-01-11,2024-12-28,2024-12-26,"January 11, 2025","December 26, 2024","December 28, 2024",CovidHub-ensemble
Oklahoma,0,1.9654391408830845,3.1210741751708566,4.62462322822179,77.7718568273928,123.5,182.995,1.97,3.12,4.62,78,124,183,wk inc covid hosp,2024-12-28,2024-12-28,2024-12-26,"December 28, 2024","December 26, 2024","December 28, 2024",CovidHub-ensemble
Oklahoma,1,1.718486185519176,3.1492522942422374,5.044228179836925,68,124.615,199.598646249975,1.72,3.15,5.04,68,125,200,wk inc covid hosp,2025-01-04,2024-12-28,2024-12-26,"January 04, 2025","December 26, 2024","December 28, 2024",CovidHub-ensemble
Oklahoma,2,1.535712741506243,2.9182675334239243,5.944137763749191,60.767707824707,115.475,235.207807511604,1.54,2.92,5.94,61,115,235,wk inc covid hosp,2025-01-11,2024-12-28,2024-12-26,"January 11, 2025","December 26, 2024","December 28, 2024",CovidHub-ensemble
Oregon,0,0.7749596272636866,1.6513880175116777,2.5724695494289946,32.6857589341626,69.6512034281565,108.5,0.77,1.65,2.57,33,70,108,wk inc covid hosp,2024-12-28,2024-12-28,2024-12-26,"December 28, 2024","December 26, 2024","December 28, 2024",CovidHub-ensemble
Oregon,1,0.6486930945449728,1.7478859867541716,3.500935220836553,27.3601686650683,73.7212339811458,147.660240155255,0.65,1.75,3.5,27,74,148,wk inc covid hosp,2025-01-04,2024-12-28,2024-12-26,"January 04, 2025","December 26, 2024","December 28, 2024",CovidHub-ensemble
Oregon,2,0.5501277908555393,1.7897985113669272,4.427411677049731,23.2029433821967,75.4889940393721,186.736580445247,0.55,1.79,4.43,23,75,187,wk inc covid hosp,2025-01-11,2024-12-28,2024-12-26,"January 11, 2025","December 26, 2024","December 28, 2024",CovidHub-ensemble
Pennsylvania,0,2.376033558938959,4.292301766545808,7.055257613825439,304.179554851674,549.5,903.213303643595,2.38,4.29,7.06,304,550,903,wk inc covid hosp,2024-12-28,2024-12-28,2024-12-26,"December 28, 2024","December 26, 2024","December 28, 2024",CovidHub-ensemble
Pennsylvania,1,1.7112161895501317,3.8459241802403987,8.77936349329241,219.069708352427,492.354790502716,1123.93314868131,1.71,3.85,8.78,219,492,1124,wk inc covid hosp,2025-01-04,2024-12-28,2024-12-26,"January 04, 2025","December 26, 2024","December 28, 2024",CovidHub-ensemble
Pennsylvania,2,1.4380552928092813,3.5833668327977235,10.039845093174506,184.099680399362,458.742227764413,1285.29986444524,1.44,3.58,10.04,184,459,1285,wk inc covid hosp,2025-01-11,2024-12-28,2024-12-26,"January 11, 2025","December 26, 2024","December 28, 2024",CovidHub-ensemble
Puerto Rico,0,0.06540697706860325,0.9274169521326658,2.0735051628851706,2.45599209067004,34.8239408282408,77.8588540281888,0.07,0.93,2.07,2,35,78,wk inc covid hosp,2024-12-28,2024-12-28,2024-12-26,"December 28, 2024","December 26, 2024","December 28, 2024",CovidHub-ensemble
Puerto Rico,1,0.11554085600885555,1.0620392067570739,2.508365604418487,4.33848866321036,39.878924369812,94.1875983428955,0.12,1.06,2.51,4,40,94,wk inc covid hosp,2025-01-04,2024-12-28,2024-12-26,"January 04, 2025","December 26, 2024","December 28, 2024",CovidHub-ensemble
Puerto Rico,2,0.05326318217153461,1.1374164602819965,3.1053806832911532,2,42.7092942595482,116.605150375366,0.05,1.14,3.11,2,43,117,wk inc covid hosp,2025-01-11,2024-12-28,2024-12-26,"January 11, 2025","December 26, 2024","December 28, 2024",CovidHub-ensemble
Rhode Island,0,1.9764935480304255,3.552185439816719,5.980494541001226,20.9382018153506,37.6304671970968,63.355026774496,1.98,3.55,5.98,21,38,63,wk inc covid hosp,2024-12-28,2024-12-28,2024-12-26,"December 28, 2024","December 26, 2024","December 28, 2024",CovidHub-ensemble
Rhode Island,1,1.9539426733825014,3.5031520883199403,6.607756940268709,20.6993066441716,37.111026994347,70,1.95,3.5,6.61,21,37,70,wk inc covid hosp,2025-01-04,2024-12-28,2024-12-26,"January 04, 2025","December 26, 2024","December 28, 2024",CovidHub-ensemble
Rhode Island,2,1.621732902050821,3.6376534851493685,7.646118745168078,17.1800058884946,38.5358823368132,81,1.62,3.64,7.65,17,39,81,wk inc covid hosp,2025-01-11,2024-12-28,2024-12-26,"January 11, 2025","December 26, 2024","December 28, 2024",CovidHub-ensemble
South Carolina,0,1.3141145536535919,2.340390241135942,3.5958587343328063,67.66,120.5,185.140482074816,1.31,2.34,3.6,68,120,185,wk inc covid hosp,2024-12-28,2024-12-28,2024-12-26,"December 28, 2024","December 26, 2024","December 28, 2024",CovidHub-ensemble
South Carolina,1,1.2838177199343488,2.5187659230975736,4.360781299087228,66.1001026807406,129.684053709754,224.524157255486,1.28,2.52,4.36,66,130,225,wk inc covid hosp,2025-01-04,2024-12-28,2024-12-26,"January 04, 2025","December 26, 2024","December 28, 2024",CovidHub-ensemble
South Carolina,2,1.1040046707551343,2.8196805314435025,5.093032184880147,56.8420430438235,145.177286277706,262.22566112743,1.1,2.82,5.09,57,145,262,wk inc covid hosp,2025-01-11,2024-12-28,2024-12-26,"January 11, 2025","December 26, 2024","December 28, 2024",CovidHub-ensemble
South Dakota,0,1.5287445294996376,3.2065276055471545,5.679809605322289,13.5241760672262,28.3668350499574,50.2469468563481,1.53,3.21,5.68,14,28,50,wk inc covid hosp,2024-12-28,2024-12-28,2024-12-26,"December 28, 2024","December 26, 2024","December 28, 2024",CovidHub-ensemble
South Dakota,1,1.2412742498248703,3.336288100125562,6.481079762068514,10.9810443657582,29.5147729436898,57.3354554123177,1.24,3.34,6.48,11,30,57,wk inc covid hosp,2025-01-04,2024-12-28,2024-12-26,"January 04, 2025","December 26, 2024","December 28, 2024",CovidHub-ensemble
South Dakota,2,0.9245852772044731,3.741886726791261,8.204103811240252,8.17942686746432,33.1029376983643,72.5783427354799,0.92,3.74,8.2,8,33,73,wk inc covid hosp,2025-01-11,2024-12-28,2024-12-26,"January 11, 2025","December 26, 2024","December 28, 2024",CovidHub-ensemble
Tennessee,0,1.4780819383852424,2.6946889916701493,3.891579825289032,100.940787434901,184.025,265.762757617884,1.48,2.69,3.89,101,184,266,wk inc covid hosp,2024-12-28,2024-12-28,2024-12-26,"December 28, 2024","December 26, 2024","December 28, 2024",CovidHub-ensemble
Tennessee,1,1.4662738255153258,2.7351038353979558,4.58152160522192,100.134390860898,186.785,312.880082268198,1.47,2.74,4.58,100,187,313,wk inc covid hosp,2025-01-04,2024-12-28,2024-12-26,"January 04, 2025","December 26, 2024","December 28, 2024",CovidHub-ensemble
Tennessee,2,1.281267690646043,2.7441096303039574,5.348605074727236,87.5,187.400021404214,365.265547125953,1.28,2.74,5.35,88,187,365,wk inc covid hosp,2025-01-11,2024-12-28,2024-12-26,"January 11, 2025","December 26, 2024","December 28, 2024",CovidHub-ensemble
Texas,0,0.7546632681242244,1.5590364887800616,2.4227579082697988,218.821263176011,452.056365033245,702.5,0.75,1.56,2.42,219,452,702,wk inc covid hosp,2024-12-28,2024-12-28,2024-12-26,"December 28, 2024","December 26, 2024","December 28, 2024",CovidHub-ensemble
Texas,1,0.6561478557260599,1.7052736264656765,3.1401011750600025,190.25585143038,494.459111454372,910.5,0.66,1.71,3.14,190,494,910,wk inc covid hosp,2025-01-04,2024-12-28,2024-12-26,"January 04, 2025","December 26, 2024","December 28, 2024",CovidHub-ensemble
Texas,2,0.5285436672262002,1.8420420535227608,4.048187880715851,153.255892781945,534.116321809416,1173.80774054879,0.53,1.84,4.05,153,534,1174,wk inc covid hosp,2025-01-11,2024-12-28,2024-12-26,"January 11, 2025","December 26, 2024","December 28, 2024",CovidHub-ensemble
Utah,0,0.797743010411908,1.796757789546978,2.967357885198992,25.5753058617414,57.6033000946045,95.1322475091679,0.8,1.8,2.97,26,58,95,wk inc covid hosp,2024-12-28,2024-12-28,2024-12-26,"December 28, 2024","December 26, 2024","December 28, 2024",CovidHub-ensemble
Utah,1,0.6825700796106436,1.7691111077808535,3.5381366578081814,21.8829100728838,56.7169590887889,113.431175231934,0.68,1.77,3.54,22,57,113,wk inc covid hosp,2025-01-04,2024-12-28,2024-12-26,"January 04, 2025","December 26, 2024","December 28, 2024",CovidHub-ensemble
Utah,2,0.7302567931987475,1.7161105408867832,3.655904068687176,23.4117260820987,55.0177831744031,117.206748962402,0.73,1.72,3.66,23,55,117,wk inc covid hosp,2025-01-11,2024-12-28,2024-12-26,"January 11, 2025","December 26, 2024","December 28, 2024",CovidHub-ensemble
Vermont,0,0.6174684922831396,1.8045460620289782,3.3531188222627644,3.85293547031264,11.260168926994,20.9230926078492,0.62,1.8,3.35,4,11,21,wk inc covid hosp,2024-12-28,2024-12-28,2024-12-26,"December 28, 2024","December 26, 2024","December 28, 2024",CovidHub-ensemble
Vermont,1,0.4808702573272173,1.69404659470324,3.4541330284123752,3.00057750999353,10.5706644058228,21.5534101426601,0.48,1.69,3.45,3,11,22,wk inc covid hosp,2025-01-04,2024-12-28,2024-12-26,"January 04, 2025","December 26, 2024","December 28, 2024",CovidHub-ensemble
Vermont,2,0.48842411437904676,1.5588337108290948,3.808251482786539,3.04771274707267,9.72695088386536,23.7630703449249,0.49,1.56,3.81,3,10,24,wk inc covid hosp,2025-01-11,2024-12-28,2024-12-26,"January 11, 2025","December 26, 2024","December 28, 2024",CovidHub-ensemble
Virginia,0,1.300728560391524,2.257158077889206,3.2569782809926378,111.023933410645,192.660156598268,278,1.3,2.26,3.26,111,193,278,wk inc covid hosp,2024-12-28,2024-12-28,2024-12-26,"December 28, 2024","December 26, 2024","December 28, 2024",CovidHub-ensemble
Virginia,1,1.2456094601761065,2.3942141955987326,4.414728882719468,106.319232139129,204.358607566027,376.820022583008,1.25,2.39,4.41,106,204,377,wk inc covid hosp,2025-01-04,2024-12-28,2024-12-26,"January 04, 2025","December 26, 2024","December 28, 2024",CovidHub-ensemble
Virginia,2,1.0251280560678266,2.588818570401495,5.778617562681308,87.5,220.969100952148,493.235,1.03,2.59,5.78,88,221,493,wk inc covid hosp,2025-01-11,2024-12-28,2024-12-26,"January 11, 2025","December 26, 2024","December 28, 2024",CovidHub-ensemble
Washington,0,0.5799892490917771,1.06600887458631,1.7006148346404868,44.1655607298423,81.1754351702517,129.5,0.58,1.07,1.7,44,81,130,wk inc covid hosp,2024-12-28,2024-12-28,2024-12-26,"December 28, 2024","December 26, 2024","December 28, 2024",CovidHub-ensemble
Washington,1,0.49130234076905477,1.1243323755314698,2.149845371772105,37.4121475560589,85.6167073610796,163.708424725898,0.49,1.12,2.15,37,86,164,wk inc covid hosp,2025-01-04,2024-12-28,2024-12-26,"January 04, 2025","December 26, 2024","December 28, 2024",CovidHub-ensemble
Washington,2,0.46407251648825404,1.1282687374966425,2.630360121505424,35.3386255729879,85.9164571128202,200.299108767308,0.46,1.13,2.63,35,86,200,wk inc covid hosp,2025-01-11,2024-12-28,2024-12-26,"January 11, 2025","December 26, 2024","December 28, 2024",CovidHub-ensemble
West Virginia,0,3.808218317216607,6.405505423655817,9.475919910486862,68.2488703254479,114.796073284885,169.822414398193,3.81,6.41,9.48,68,115,170,wk inc covid hosp,2024-12-28,2024-12-28,2024-12-26,"December 28, 2024","December 26, 2024","December 28, 2024",CovidHub-ensemble
West Virginia,1,3.2363416617052065,6.029832626424675,10.87267530545703,58,108.063464519491,194.854324306489,3.24,6.03,10.87,58,108,195,wk inc covid hosp,2025-01-04,2024-12-28,2024-12-26,"January 04, 2025","December 26, 2024","December 28, 2024",CovidHub-ensemble
West Virginia,2,2.845748702533888,5.682116459551086,10.97336636256105,51,101.831879666351,196.658856065647,2.85,5.68,10.97,51,102,197,wk inc covid hosp,2025-01-11,2024-12-28,2024-12-26,"January 11, 2025","December 26, 2024","December 28, 2024",CovidHub-ensemble
Wisconsin,0,2.9210084489981853,4.6933109910367214,6.763570167168919,170.073789077343,273.264934867859,393.8044090271,2.92,4.69,6.76,170,273,394,wk inc covid hosp,2024-12-28,2024-12-28,2024-12-26,"December 28, 2024","December 26, 2024","December 28, 2024",CovidHub-ensemble
Wisconsin,1,2.6073326514667063,4.96442721457856,7.806770471379135,151.810222792099,289.050498046875,454.544058227539,2.61,4.96,7.81,152,289,455,wk inc covid hosp,2025-01-04,2024-12-28,2024-12-26,"January 04, 2025","December 26, 2024","December 28, 2024",CovidHub-ensemble
Wisconsin,2,2.355932397063805,5.315745540926355,9.24054254572567,137.172608903658,309.50577572838,538.024490966797,2.36,5.32,9.24,137,310,538,wk inc covid hosp,2025-01-11,2024-12-28,2024-12-26,"January 11, 2025","December 26, 2024","December 28, 2024",CovidHub-ensemble
Wyoming,0,2.5917523528791775,4.924329470470438,8.541842156845199,15,28.5,49.4366802485357,2.59,4.92,8.54,15,28,49,wk inc covid hosp,2024-12-28,2024-12-28,2024-12-26,"December 28, 2024","December 26, 2024","December 28, 2024",CovidHub-ensemble
Wyoming,1,1.7278349019194517,4.924329470470438,9.869750222314401,10,28.5,57.1220676891646,1.73,4.92,9.87,10,28,57,wk inc covid hosp,2025-01-04,2024-12-28,2024-12-26,"January 04, 2025","December 26, 2024","December 28, 2024",CovidHub-ensemble
Wyoming,2,1.0871765851107527,4.31958725479863,11.28466072621262,6.29213233222114,25,65.3109895724209,1.09,4.32,11.28,6,25,65,wk inc covid hosp,2025-01-11,2024-12-28,2024-12-26,"January 11, 2025","December 26, 2024","December 28, 2024",CovidHub-ensemble
