state,date,value,location
AK,2024-11-09,14,02
AK,2024-11-16,11,02
AK,2024-11-23,10,02
AK,2024-11-30,6,02
AK,2024-12-07,18,02
AK,2024-12-14,10,02
AK,2024-12-21,12,02
AK,2024-12-28,18,02
AK,2025-01-04,8,02
AK,2025-01-11,19,02
AK,2025-01-18,8,02
AK,2025-01-25,9,02
AK,2025-02-01,10,02
AK,2025-02-08,10,02
AK,2025-02-15,15,02
AK,2025-02-22,12,02
AK,2025-03-01,21,02
AK,2025-03-08,19,02
AK,2025-03-15,20,02
AK,2025-03-22,13,02
AK,2025-03-29,12,02
AK,2025-04-05,9,02
AK,2025-04-12,4,02
AK,2025-04-19,10,02
AK,2025-04-26,7,02
AK,2025-05-03,10,02
AK,2025-05-10,9,02
AK,2025-05-17,7,02
AK,2025-05-24,11,02
AK,2025-05-31,10,02
AK,2025-06-07,12,02
AK,2025-06-14,15,02
AK,2025-06-21,13,02
AK,2025-06-28,12,02
AK,2025-07-05,12,02
AK,2025-07-12,5,02
AK,2025-07-19,15,02
AK,2025-07-26,11,02
AK,2025-08-02,18,02
AK,2025-08-09,6,02
AK,2025-08-16,10,02
AK,2025-08-23,14,02
AK,2025-08-30,14,02
AK,2025-09-06,20,02
AK,2025-09-13,18,02
AL,2024-11-09,115,01
AL,2024-11-16,83,01
AL,2024-11-23,71,01
AL,2024-11-30,91,01
AL,2024-12-07,104,01
AL,2024-12-14,113,01
AL,2024-12-21,152,01
AL,2024-12-28,216,01
AL,2025-01-04,226,01
AL,2025-01-11,215,01
AL,2025-01-18,192,01
AL,2025-01-25,178,01
AL,2025-02-01,212,01
AL,2025-02-08,227,01
AL,2025-02-15,225,01
AL,2025-02-22,186,01
AL,2025-03-01,210,01
AL,2025-03-08,239,01
AL,2025-03-15,247,01
AL,2025-03-22,232,01
AL,2025-03-29,195,01
AL,2025-04-05,139,01
AL,2025-04-12,118,01
AL,2025-04-19,103,01
AL,2025-04-26,84,01
AL,2025-05-03,87,01
AL,2025-05-10,66,01
AL,2025-05-17,84,01
AL,2025-05-24,67,01
AL,2025-05-31,59,01
AL,2025-06-07,60,01
AL,2025-06-14,60,01
AL,2025-06-21,49,01
AL,2025-06-28,66,01
AL,2025-07-05,62,01
AL,2025-07-12,59,01
AL,2025-07-19,70,01
AL,2025-07-26,70,01
AL,2025-08-02,108,01
AL,2025-08-09,134,01
AL,2025-08-16,144,01
AL,2025-08-23,209,01
AL,2025-08-30,199,01
AL,2025-09-06,241,01
AL,2025-09-13,187,01
AR,2024-11-09,60,05
AR,2024-11-16,46,05
AR,2024-11-23,52,05
AR,2024-11-30,58,05
AR,2024-12-07,66,05
AR,2024-12-14,61,05
AR,2024-12-21,83,05
AR,2024-12-28,125,05
AR,2025-01-04,154,05
AR,2025-01-11,105,05
AR,2025-01-18,109,05
AR,2025-01-25,104,05
AR,2025-02-01,99,05
AR,2025-02-08,124,05
AR,2025-02-15,109,05
AR,2025-02-22,84,05
AR,2025-03-01,109,05
AR,2025-03-08,114,05
AR,2025-03-15,105,05
AR,2025-03-22,61,05
AR,2025-03-29,77,05
AR,2025-04-05,54,05
AR,2025-04-12,41,05
AR,2025-04-19,33,05
AR,2025-04-26,25,05
AR,2025-05-03,27,05
AR,2025-05-10,14,05
AR,2025-05-17,25,05
AR,2025-05-24,22,05
AR,2025-05-31,15,05
AR,2025-06-07,20,05
AR,2025-06-14,14,05
AR,2025-06-21,18,05
AR,2025-06-28,19,05
AR,2025-07-05,14,05
AR,2025-07-12,14,05
AR,2025-07-19,19,05
AR,2025-07-26,20,05
AR,2025-08-02,14,05
AR,2025-08-09,15,05
AR,2025-08-16,26,05
AR,2025-08-23,33,05
AR,2025-08-30,43,05
AR,2025-09-06,45,05
AR,2025-09-13,73,05
AZ,2024-11-09,519,04
AZ,2024-11-16,675,04
AZ,2024-11-23,779,04
AZ,2024-11-30,743,04
AZ,2024-12-07,838,04
AZ,2024-12-14,756,04
AZ,2024-12-21,763,04
AZ,2024-12-28,776,04
AZ,2025-01-04,719,04
AZ,2025-01-11,462,04
AZ,2025-01-18,449,04
AZ,2025-01-25,312,04
AZ,2025-02-01,403,04
AZ,2025-02-08,311,04
AZ,2025-02-15,318,04
AZ,2025-02-22,262,04
AZ,2025-03-01,279,04
AZ,2025-03-08,227,04
AZ,2025-03-15,176,04
AZ,2025-03-22,195,04
AZ,2025-03-29,187,04
AZ,2025-04-05,167,04
AZ,2025-04-12,128,04
AZ,2025-04-19,141,04
AZ,2025-04-26,109,04
AZ,2025-05-03,68,04
AZ,2025-05-10,77,04
AZ,2025-05-17,83,04
AZ,2025-05-24,73,04
AZ,2025-05-31,79,04
AZ,2025-06-07,75,04
AZ,2025-06-14,58,04
AZ,2025-06-21,77,04
AZ,2025-06-28,79,04
AZ,2025-07-05,76,04
AZ,2025-07-12,76,04
AZ,2025-07-19,80,04
AZ,2025-07-26,79,04
AZ,2025-08-02,93,04
AZ,2025-08-09,114,04
AZ,2025-08-16,127,04
AZ,2025-08-23,162,04
AZ,2025-08-30,180,04
AZ,2025-09-06,153,04
AZ,2025-09-13,130,04
CA,2024-11-09,633,06
CA,2024-11-16,683,06
CA,2024-11-23,655,06
CA,2024-11-30,688,06
CA,2024-12-07,750,06
CA,2024-12-14,736,06
CA,2024-12-21,814,06
CA,2024-12-28,924,06
CA,2025-01-04,1008,06
CA,2025-01-11,897,06
CA,2025-01-18,900,06
CA,2025-01-25,907,06
CA,2025-02-01,986,06
CA,2025-02-08,886,06
CA,2025-02-15,860,06
CA,2025-02-22,687,06
CA,2025-03-01,669,06
CA,2025-03-08,623,06
CA,2025-03-15,567,06
CA,2025-03-22,586,06
CA,2025-03-29,571,06
CA,2025-04-05,495,06
CA,2025-04-12,609,06
CA,2025-04-19,522,06
CA,2025-04-26,530,06
CA,2025-05-03,481,06
CA,2025-05-10,490,06
CA,2025-05-17,476,06
CA,2025-05-24,583,06
CA,2025-05-31,588,06
CA,2025-06-07,593,06
CA,2025-06-14,525,06
CA,2025-06-21,549,06
CA,2025-06-28,568,06
CA,2025-07-05,626,06
CA,2025-07-12,674,06
CA,2025-07-19,731,06
CA,2025-07-26,732,06
CA,2025-08-02,920,06
CA,2025-08-09,1050,06
CA,2025-08-16,1208,06
CA,2025-08-23,1494,06
CA,2025-08-30,1591,06
CA,2025-09-06,1639,06
CA,2025-09-13,1453,06
CO,2024-11-09,145,08
CO,2024-11-16,163,08
CO,2024-11-23,150,08
CO,2024-11-30,171,08
CO,2024-12-07,183,08
CO,2024-12-14,173,08
CO,2024-12-21,228,08
CO,2024-12-28,289,08
CO,2025-01-04,335,08
CO,2025-01-11,236,08
CO,2025-01-18,172,08
CO,2025-01-25,166,08
CO,2025-02-01,153,08
CO,2025-02-08,135,08
CO,2025-02-15,131,08
CO,2025-02-22,102,08
CO,2025-03-01,81,08
CO,2025-03-08,96,08
CO,2025-03-15,104,08
CO,2025-03-22,79,08
CO,2025-03-29,72,08
CO,2025-04-05,65,08
CO,2025-04-12,64,08
CO,2025-04-19,56,08
CO,2025-04-26,38,08
CO,2025-05-03,42,08
CO,2025-05-10,26,08
CO,2025-05-17,51,08
CO,2025-05-24,44,08
CO,2025-05-31,41,08
CO,2025-06-07,43,08
CO,2025-06-14,32,08
CO,2025-06-21,44,08
CO,2025-06-28,31,08
CO,2025-07-05,30,08
CO,2025-07-12,32,08
CO,2025-07-19,47,08
CO,2025-07-26,39,08
CO,2025-08-02,51,08
CO,2025-08-09,71,08
CO,2025-08-16,85,08
CO,2025-08-23,102,08
CO,2025-08-30,97,08
CO,2025-09-06,82,08
CO,2025-09-13,98,08
CT,2024-11-09,82,09
CT,2024-11-16,70,09
CT,2024-11-23,79,09
CT,2024-11-30,68,09
CT,2024-12-07,94,09
CT,2024-12-14,101,09
CT,2024-12-21,96,09
CT,2024-12-28,160,09
CT,2025-01-04,236,09
CT,2025-01-11,227,09
CT,2025-01-18,188,09
CT,2025-01-25,157,09
CT,2025-02-01,190,09
CT,2025-02-08,166,09
CT,2025-02-15,149,09
CT,2025-02-22,126,09
CT,2025-03-01,118,09
CT,2025-03-08,84,09
CT,2025-03-15,78,09
CT,2025-03-22,79,09
CT,2025-03-29,73,09
CT,2025-04-05,65,09
CT,2025-04-12,64,09
CT,2025-04-19,58,09
CT,2025-04-26,98,09
CT,2025-05-03,60,09
CT,2025-05-10,50,09
CT,2025-05-17,42,09
CT,2025-05-24,27,09
CT,2025-05-31,30,09
CT,2025-06-07,35,09
CT,2025-06-14,26,09
CT,2025-06-21,29,09
CT,2025-06-28,35,09
CT,2025-07-05,29,09
CT,2025-07-12,32,09
CT,2025-07-19,13,09
CT,2025-07-26,22,09
CT,2025-08-02,34,09
CT,2025-08-09,46,09
CT,2025-08-16,43,09
CT,2025-08-23,53,09
CT,2025-08-30,71,09
CT,2025-09-06,53,09
CT,2025-09-13,53,09
DC,2024-11-09,9,11
DC,2024-11-16,6,11
DC,2024-11-23,16,11
DC,2024-11-30,10,11
DC,2024-12-07,13,11
DC,2024-12-14,16,11
DC,2024-12-21,21,11
DC,2024-12-28,24,11
DC,2025-01-04,25,11
DC,2025-01-11,24,11
DC,2025-01-18,22,11
DC,2025-01-25,29,11
DC,2025-02-01,30,11
DC,2025-02-08,26,11
DC,2025-02-15,13,11
DC,2025-02-22,22,11
DC,2025-03-01,25,11
DC,2025-03-08,17,11
DC,2025-03-15,21,11
DC,2025-03-22,19,11
DC,2025-03-29,22,11
DC,2025-04-05,18,11
DC,2025-04-12,18,11
DC,2025-04-19,8,11
DC,2025-04-26,7,11
DC,2025-05-03,8,11
DC,2025-05-10,12,11
DC,2025-05-17,4,11
DC,2025-05-24,4,11
DC,2025-05-31,9,11
DC,2025-06-07,11,11
DC,2025-06-14,10,11
DC,2025-06-21,6,11
DC,2025-06-28,4,11
DC,2025-07-05,6,11
DC,2025-07-12,6,11
DC,2025-07-19,6,11
DC,2025-07-26,4,11
DC,2025-08-02,13,11
DC,2025-08-09,14,11
DC,2025-08-16,27,11
DC,2025-08-23,31,11
DC,2025-08-30,36,11
DC,2025-09-06,33,11
DC,2025-09-13,24,11
DE,2024-11-09,20,10
DE,2024-11-16,18,10
DE,2024-11-23,20,10
DE,2024-11-30,26,10
DE,2024-12-07,24,10
DE,2024-12-14,25,10
DE,2024-12-21,42,10
DE,2024-12-28,48,10
DE,2025-01-04,80,10
DE,2025-01-11,41,10
DE,2025-01-18,42,10
DE,2025-01-25,21,10
DE,2025-02-01,32,10
DE,2025-02-08,31,10
DE,2025-02-15,28,10
DE,2025-02-22,23,10
DE,2025-03-01,23,10
DE,2025-03-08,35,10
DE,2025-03-15,41,10
DE,2025-03-22,25,10
DE,2025-03-29,17,10
DE,2025-04-05,22,10
DE,2025-04-12,18,10
DE,2025-04-19,14,10
DE,2025-04-26,13,10
DE,2025-05-03,8,10
DE,2025-05-10,7,10
DE,2025-05-17,7,10
DE,2025-05-24,6,10
DE,2025-05-31,7,10
DE,2025-06-07,9,10
DE,2025-06-14,7,10
DE,2025-06-21,6,10
DE,2025-06-28,7,10
DE,2025-07-05,2,10
DE,2025-07-12,3,10
DE,2025-07-19,5,10
DE,2025-07-26,5,10
DE,2025-08-02,11,10
DE,2025-08-09,26,10
DE,2025-08-16,11,10
DE,2025-08-23,16,10
DE,2025-08-30,11,10
DE,2025-09-06,20,10
DE,2025-09-13,22,10
FL,2024-11-09,421,12
FL,2024-11-16,334,12
FL,2024-11-23,257,12
FL,2024-11-30,320,12
FL,2024-12-07,299,12
FL,2024-12-14,332,12
FL,2024-12-21,398,12
FL,2024-12-28,432,12
FL,2025-01-04,644,12
FL,2025-01-11,571,12
FL,2025-01-18,544,12
FL,2025-01-25,616,12
FL,2025-02-01,613,12
FL,2025-02-08,609,12
FL,2025-02-15,494,12
FL,2025-02-22,460,12
FL,2025-03-01,447,12
FL,2025-03-08,380,12
FL,2025-03-15,443,12
FL,2025-03-22,396,12
FL,2025-03-29,399,12
FL,2025-04-05,365,12
FL,2025-04-12,306,12
FL,2025-04-19,317,12
FL,2025-04-26,316,12
FL,2025-05-03,310,12
FL,2025-05-10,324,12
FL,2025-05-17,306,12
FL,2025-05-24,332,12
FL,2025-05-31,378,12
FL,2025-06-07,416,12
FL,2025-06-14,500,12
FL,2025-06-21,600,12
FL,2025-06-28,678,12
FL,2025-07-05,782,12
FL,2025-07-12,860,12
FL,2025-07-19,898,12
FL,2025-07-26,1060,12
FL,2025-08-02,1160,12
FL,2025-08-09,1172,12
FL,2025-08-16,1302,12
FL,2025-08-23,1227,12
FL,2025-08-30,1434,12
FL,2025-09-06,1291,12
FL,2025-09-13,1117,12
GA,2024-11-09,89,13
GA,2024-11-16,80,13
GA,2024-11-23,76,13
GA,2024-11-30,84,13
GA,2024-12-07,114,13
GA,2024-12-14,159,13
GA,2024-12-21,171,13
GA,2024-12-28,232,13
GA,2025-01-04,302,13
GA,2025-01-11,251,13
GA,2025-01-18,257,13
GA,2025-01-25,211,13
GA,2025-02-01,288,13
GA,2025-02-08,312,13
GA,2025-02-15,262,13
GA,2025-02-22,247,13
GA,2025-03-01,263,13
GA,2025-03-08,279,13
GA,2025-03-15,306,13
GA,2025-03-22,279,13
GA,2025-03-29,233,13
GA,2025-04-05,199,13
GA,2025-04-12,169,13
GA,2025-04-19,151,13
GA,2025-04-26,160,13
GA,2025-05-03,103,13
GA,2025-05-10,107,13
GA,2025-05-17,90,13
GA,2025-05-24,82,13
GA,2025-05-31,85,13
GA,2025-06-07,76,13
GA,2025-06-14,62,13
GA,2025-06-21,83,13
GA,2025-06-28,86,13
GA,2025-07-05,85,13
GA,2025-07-12,113,13
GA,2025-07-19,119,13
GA,2025-07-26,159,13
GA,2025-08-02,181,13
GA,2025-08-09,230,13
GA,2025-08-16,297,13
GA,2025-08-23,373,13
GA,2025-08-30,375,13
GA,2025-09-06,367,13
GA,2025-09-13,225,13
HI,2024-11-09,22,15
HI,2024-11-16,20,15
HI,2024-11-23,13,15
HI,2024-11-30,10,15
HI,2024-12-07,15,15
HI,2024-12-14,13,15
HI,2024-12-21,13,15
HI,2024-12-28,9,15
HI,2025-01-04,23,15
HI,2025-01-11,27,15
HI,2025-01-18,18,15
HI,2025-01-25,12,15
HI,2025-02-01,10,15
HI,2025-02-08,13,15
HI,2025-02-15,10,15
HI,2025-02-22,16,15
HI,2025-03-01,18,15
HI,2025-03-08,15,15
HI,2025-03-15,8,15
HI,2025-03-22,17,15
HI,2025-03-29,13,15
HI,2025-04-05,14,15
HI,2025-04-12,12,15
HI,2025-04-19,18,15
HI,2025-04-26,21,15
HI,2025-05-03,18,15
HI,2025-05-10,27,15
HI,2025-05-17,32,15
HI,2025-05-24,32,15
HI,2025-05-31,24,15
HI,2025-06-07,21,15
HI,2025-06-14,21,15
HI,2025-06-21,36,15
HI,2025-06-28,23,15
HI,2025-07-05,36,15
HI,2025-07-12,38,15
HI,2025-07-19,59,15
HI,2025-07-26,55,15
HI,2025-08-02,82,15
HI,2025-08-09,75,15
HI,2025-08-16,91,15
HI,2025-08-23,74,15
HI,2025-08-30,86,15
HI,2025-09-06,63,15
HI,2025-09-13,56,15
IA,2024-11-09,50,19
IA,2024-11-16,43,19
IA,2024-11-23,55,19
IA,2024-11-30,54,19
IA,2024-12-07,87,19
IA,2024-12-14,84,19
IA,2024-12-21,87,19
IA,2024-12-28,127,19
IA,2025-01-04,175,19
IA,2025-01-11,163,19
IA,2025-01-18,147,19
IA,2025-01-25,163,19
IA,2025-02-01,131,19
IA,2025-02-08,121,19
IA,2025-02-15,116,19
IA,2025-02-22,88,19
IA,2025-03-01,74,19
IA,2025-03-08,74,19
IA,2025-03-15,51,19
IA,2025-03-22,47,19
IA,2025-03-29,55,19
IA,2025-04-05,42,19
IA,2025-04-12,23,19
IA,2025-04-19,34,19
IA,2025-04-26,46,19
IA,2025-05-03,38,19
IA,2025-05-10,36,19
IA,2025-05-17,28,19
IA,2025-05-24,21,19
IA,2025-05-31,13,19
IA,2025-06-07,14,19
IA,2025-06-14,11,19
IA,2025-06-21,19,19
IA,2025-06-28,9,19
IA,2025-07-05,6,19
IA,2025-07-12,10,19
IA,2025-07-19,16,19
IA,2025-07-26,8,19
IA,2025-08-02,23,19
IA,2025-08-09,36,19
IA,2025-08-16,32,19
IA,2025-08-23,55,19
IA,2025-08-30,52,19
IA,2025-09-06,58,19
IA,2025-09-13,69,19
ID,2024-11-09,35,16
ID,2024-11-16,22,16
ID,2024-11-23,22,16
ID,2024-11-30,23,16
ID,2024-12-07,34,16
ID,2024-12-14,46,16
ID,2024-12-21,36,16
ID,2024-12-28,56,16
ID,2025-01-04,58,16
ID,2025-01-11,47,16
ID,2025-01-18,33,16
ID,2025-01-25,26,16
ID,2025-02-01,25,16
ID,2025-02-08,32,16
ID,2025-02-15,37,16
ID,2025-02-22,26,16
ID,2025-03-01,30,16
ID,2025-03-08,39,16
ID,2025-03-15,28,16
ID,2025-03-22,27,16
ID,2025-03-29,26,16
ID,2025-04-05,32,16
ID,2025-04-12,20,16
ID,2025-04-19,16,16
ID,2025-04-26,21,16
ID,2025-05-03,18,16
ID,2025-05-10,31,16
ID,2025-05-17,26,16
ID,2025-05-24,20,16
ID,2025-05-31,16,16
ID,2025-06-07,11,16
ID,2025-06-14,18,16
ID,2025-06-21,17,16
ID,2025-06-28,12,16
ID,2025-07-05,13,16
ID,2025-07-12,18,16
ID,2025-07-19,25,16
ID,2025-07-26,14,16
ID,2025-08-02,23,16
ID,2025-08-09,20,16
ID,2025-08-16,31,16
ID,2025-08-23,37,16
ID,2025-08-30,31,16
ID,2025-09-06,43,16
ID,2025-09-13,23,16
IL,2024-11-09,233,17
IL,2024-11-16,219,17
IL,2024-11-23,257,17
IL,2024-11-30,274,17
IL,2024-12-07,327,17
IL,2024-12-14,439,17
IL,2024-12-21,555,17
IL,2024-12-28,809,17
IL,2025-01-04,1102,17
IL,2025-01-11,809,17
IL,2025-01-18,715,17
IL,2025-01-25,624,17
IL,2025-02-01,603,17
IL,2025-02-08,626,17
IL,2025-02-15,540,17
IL,2025-02-22,526,17
IL,2025-03-01,488,17
IL,2025-03-08,452,17
IL,2025-03-15,461,17
IL,2025-03-22,361,17
IL,2025-03-29,323,17
IL,2025-04-05,345,17
IL,2025-04-12,249,17
IL,2025-04-19,201,17
IL,2025-04-26,208,17
IL,2025-05-03,146,17
IL,2025-05-10,117,17
IL,2025-05-17,131,17
IL,2025-05-24,107,17
IL,2025-05-31,93,17
IL,2025-06-07,95,17
IL,2025-06-14,95,17
IL,2025-06-21,73,17
IL,2025-06-28,61,17
IL,2025-07-05,63,17
IL,2025-07-12,89,17
IL,2025-07-19,82,17
IL,2025-07-26,109,17
IL,2025-08-02,111,17
IL,2025-08-09,142,17
IL,2025-08-16,200,17
IL,2025-08-23,198,17
IL,2025-08-30,273,17
IL,2025-09-06,284,17
IL,2025-09-13,285,17
IN,2024-11-09,185,18
IN,2024-11-16,145,18
IN,2024-11-23,166,18
IN,2024-11-30,156,18
IN,2024-12-07,257,18
IN,2024-12-14,314,18
IN,2024-12-21,400,18
IN,2024-12-28,549,18
IN,2025-01-04,673,18
IN,2025-01-11,536,18
IN,2025-01-18,420,18
IN,2025-01-25,335,18
IN,2025-02-01,361,18
IN,2025-02-08,371,18
IN,2025-02-15,362,18
IN,2025-02-22,350,18
IN,2025-03-01,275,18
IN,2025-03-08,236,18
IN,2025-03-15,240,18
IN,2025-03-22,207,18
IN,2025-03-29,171,18
IN,2025-04-05,143,18
IN,2025-04-12,101,18
IN,2025-04-19,84,18
IN,2025-04-26,81,18
IN,2025-05-03,84,18
IN,2025-05-10,52,18
IN,2025-05-17,61,18
IN,2025-05-24,44,18
IN,2025-05-31,46,18
IN,2025-06-07,38,18
IN,2025-06-14,44,18
IN,2025-06-21,36,18
IN,2025-06-28,32,18
IN,2025-07-05,29,18
IN,2025-07-12,41,18
IN,2025-07-19,39,18
IN,2025-07-26,45,18
IN,2025-08-02,81,18
IN,2025-08-09,83,18
IN,2025-08-16,114,18
IN,2025-08-23,127,18
IN,2025-08-30,119,18
IN,2025-09-06,148,18
IN,2025-09-13,129,18
KS,2024-11-09,62,20
KS,2024-11-16,48,20
KS,2024-11-23,59,20
KS,2024-11-30,50,20
KS,2024-12-07,94,20
KS,2024-12-14,93,20
KS,2024-12-21,135,20
KS,2024-12-28,200,20
KS,2025-01-04,233,20
KS,2025-01-11,160,20
KS,2025-01-18,122,20
KS,2025-01-25,121,20
KS,2025-02-01,98,20
KS,2025-02-08,108,20
KS,2025-02-15,112,20
KS,2025-02-22,103,20
KS,2025-03-01,110,20
KS,2025-03-08,105,20
KS,2025-03-15,77,20
KS,2025-03-22,62,20
KS,2025-03-29,42,20
KS,2025-04-05,42,20
KS,2025-04-12,37,20
KS,2025-04-19,25,20
KS,2025-04-26,25,20
KS,2025-05-03,22,20
KS,2025-05-10,22,20
KS,2025-05-17,14,20
KS,2025-05-24,11,20
KS,2025-05-31,14,20
KS,2025-06-07,10,20
KS,2025-06-14,6,20
KS,2025-06-21,15,20
KS,2025-06-28,20,20
KS,2025-07-05,15,20
KS,2025-07-12,10,20
KS,2025-07-19,17,20
KS,2025-07-26,11,20
KS,2025-08-02,21,20
KS,2025-08-09,27,20
KS,2025-08-16,40,20
KS,2025-08-23,49,20
KS,2025-08-30,52,20
KS,2025-09-06,32,20
KS,2025-09-13,60,20
KY,2024-11-09,131,21
KY,2024-11-16,107,21
KY,2024-11-23,107,21
KY,2024-11-30,96,21
KY,2024-12-07,137,21
KY,2024-12-14,165,21
KY,2024-12-21,228,21
KY,2024-12-28,317,21
KY,2025-01-04,449,21
KY,2025-01-11,280,21
KY,2025-01-18,231,21
KY,2025-01-25,204,21
KY,2025-02-01,208,21
KY,2025-02-08,251,21
KY,2025-02-15,232,21
KY,2025-02-22,207,21
KY,2025-03-01,229,21
KY,2025-03-08,198,21
KY,2025-03-15,181,21
KY,2025-03-22,135,21
KY,2025-03-29,125,21
KY,2025-04-05,107,21
KY,2025-04-12,93,21
KY,2025-04-19,68,21
KY,2025-04-26,69,21
KY,2025-05-03,48,21
KY,2025-05-10,40,21
KY,2025-05-17,45,21
KY,2025-05-24,37,21
KY,2025-05-31,33,21
KY,2025-06-07,35,21
KY,2025-06-14,21,21
KY,2025-06-21,20,21
KY,2025-06-28,17,21
KY,2025-07-05,22,21
KY,2025-07-12,34,21
KY,2025-07-19,35,21
KY,2025-07-26,39,21
KY,2025-08-02,48,21
KY,2025-08-09,63,21
KY,2025-08-16,77,21
KY,2025-08-23,103,21
KY,2025-08-30,100,21
KY,2025-09-06,143,21
KY,2025-09-13,108,21
LA,2024-11-09,78,22
LA,2024-11-16,65,22
LA,2024-11-23,68,22
LA,2024-11-30,65,22
LA,2024-12-07,78,22
LA,2024-12-14,100,22
LA,2024-12-21,111,22
LA,2024-12-28,139,22
LA,2025-01-04,194,22
LA,2025-01-11,161,22
LA,2025-01-18,137,22
LA,2025-01-25,135,22
LA,2025-02-01,164,22
LA,2025-02-08,179,22
LA,2025-02-15,165,22
LA,2025-02-22,139,22
LA,2025-03-01,172,22
LA,2025-03-08,152,22
LA,2025-03-15,184,22
LA,2025-03-22,166,22
LA,2025-03-29,120,22
LA,2025-04-05,118,22
LA,2025-04-12,92,22
LA,2025-04-19,85,22
LA,2025-04-26,78,22
LA,2025-05-03,74,22
LA,2025-05-10,57,22
LA,2025-05-17,75,22
LA,2025-05-24,72,22
LA,2025-05-31,58,22
LA,2025-06-07,67,22
LA,2025-06-14,54,22
LA,2025-06-21,75,22
LA,2025-06-28,52,22
LA,2025-07-05,59,22
LA,2025-07-12,80,22
LA,2025-07-19,88,22
LA,2025-07-26,87,22
LA,2025-08-02,120,22
LA,2025-08-09,140,22
LA,2025-08-16,146,22
LA,2025-08-23,182,22
LA,2025-08-30,196,22
LA,2025-09-06,219,22
LA,2025-09-13,177,22
MA,2024-11-09,234,25
MA,2024-11-16,296,25
MA,2024-11-23,368,25
MA,2024-11-30,368,25
MA,2024-12-07,448,25
MA,2024-12-14,425,25
MA,2024-12-21,385,25
MA,2024-12-28,375,25
MA,2025-01-04,596,25
MA,2025-01-11,628,25
MA,2025-01-18,439,25
MA,2025-01-25,422,25
MA,2025-02-01,352,25
MA,2025-02-08,285,25
MA,2025-02-15,295,25
MA,2025-02-22,240,25
MA,2025-03-01,254,25
MA,2025-03-08,220,25
MA,2025-03-15,148,25
MA,2025-03-22,161,25
MA,2025-03-29,170,25
MA,2025-04-05,131,25
MA,2025-04-12,128,25
MA,2025-04-19,145,25
MA,2025-04-26,140,25
MA,2025-05-03,125,25
MA,2025-05-10,107,25
MA,2025-05-17,83,25
MA,2025-05-24,93,25
MA,2025-05-31,134,25
MA,2025-06-07,118,25
MA,2025-06-14,110,25
MA,2025-06-21,81,25
MA,2025-06-28,66,25
MA,2025-07-05,63,25
MA,2025-07-12,65,25
MA,2025-07-19,79,25
MA,2025-07-26,88,25
MA,2025-08-02,107,25
MA,2025-08-09,128,25
MA,2025-08-16,136,25
MA,2025-08-23,168,25
MA,2025-08-30,153,25
MA,2025-09-06,181,25
MA,2025-09-13,199,25
MD,2024-11-09,99,24
MD,2024-11-16,69,24
MD,2024-11-23,87,24
MD,2024-11-30,77,24
MD,2024-12-07,86,24
MD,2024-12-14,88,24
MD,2024-12-21,112,24
MD,2024-12-28,144,24
MD,2025-01-04,319,24
MD,2025-01-11,216,24
MD,2025-01-18,196,24
MD,2025-01-25,207,24
MD,2025-02-01,190,24
MD,2025-02-08,197,24
MD,2025-02-15,220,24
MD,2025-02-22,187,24
MD,2025-03-01,159,24
MD,2025-03-08,136,24
MD,2025-03-15,139,24
MD,2025-03-22,148,24
MD,2025-03-29,142,24
MD,2025-04-05,117,24
MD,2025-04-12,101,24
MD,2025-04-19,83,24
MD,2025-04-26,73,24
MD,2025-05-03,50,24
MD,2025-05-10,43,24
MD,2025-05-17,55,24
MD,2025-05-24,58,24
MD,2025-05-31,59,24
MD,2025-06-07,68,24
MD,2025-06-14,43,24
MD,2025-06-21,39,24
MD,2025-06-28,52,24
MD,2025-07-05,51,24
MD,2025-07-12,64,24
MD,2025-07-19,54,24
MD,2025-07-26,82,24
MD,2025-08-02,97,24
MD,2025-08-09,128,24
MD,2025-08-16,138,24
MD,2025-08-23,121,24
MD,2025-08-30,156,24
MD,2025-09-06,110,24
MD,2025-09-13,86,24
ME,2024-11-09,35,23
ME,2024-11-16,25,23
ME,2024-11-23,21,23
ME,2024-11-30,24,23
ME,2024-12-07,20,23
ME,2024-12-14,33,23
ME,2024-12-21,26,23
ME,2024-12-28,50,23
ME,2025-01-04,92,23
ME,2025-01-11,97,23
ME,2025-01-18,87,23
ME,2025-01-25,55,23
ME,2025-02-01,46,23
ME,2025-02-08,41,23
ME,2025-02-15,26,23
ME,2025-02-22,20,23
ME,2025-03-01,9,23
ME,2025-03-08,17,23
ME,2025-03-15,17,23
ME,2025-03-22,7,23
ME,2025-03-29,3,23
ME,2025-04-05,4,23
ME,2025-04-12,6,23
ME,2025-04-19,5,23
ME,2025-04-26,8,23
ME,2025-05-03,5,23
ME,2025-05-10,11,23
ME,2025-05-17,2,23
ME,2025-05-24,10,23
ME,2025-05-31,2,23
ME,2025-06-07,4,23
ME,2025-06-14,5,23
ME,2025-06-21,2,23
ME,2025-06-28,0,23
ME,2025-07-05,0,23
ME,2025-07-12,1,23
ME,2025-07-19,5,23
ME,2025-07-26,7,23
ME,2025-08-02,3,23
ME,2025-08-09,8,23
ME,2025-08-16,7,23
ME,2025-08-23,3,23
ME,2025-08-30,13,23
ME,2025-09-06,17,23
ME,2025-09-13,8,23
MI,2024-11-09,611,26
MI,2024-11-16,628,26
MI,2024-11-23,473,26
MI,2024-11-30,595,26
MI,2024-12-07,588,26
MI,2024-12-14,706,26
MI,2024-12-21,547,26
MI,2024-12-28,735,26
MI,2025-01-04,907,26
MI,2025-01-11,988,26
MI,2025-01-18,628,26
MI,2025-01-25,551,26
MI,2025-02-01,577,26
MI,2025-02-08,498,26
MI,2025-02-15,568,26
MI,2025-02-22,482,26
MI,2025-03-01,383,26
MI,2025-03-08,310,26
MI,2025-03-15,235,26
MI,2025-03-22,332,26
MI,2025-03-29,382,26
MI,2025-04-05,266,26
MI,2025-04-12,254,26
MI,2025-04-19,319,26
MI,2025-04-26,217,26
MI,2025-05-03,272,26
MI,2025-05-10,188,26
MI,2025-05-17,211,26
MI,2025-05-24,169,26
MI,2025-05-31,144,26
MI,2025-06-07,131,26
MI,2025-06-14,71,26
MI,2025-06-21,70,26
MI,2025-06-28,72,26
MI,2025-07-05,63,26
MI,2025-07-12,54,26
MI,2025-07-19,62,26
MI,2025-07-26,53,26
MI,2025-08-02,52,26
MI,2025-08-09,78,26
MI,2025-08-16,82,26
MI,2025-08-23,123,26
MI,2025-08-30,103,26
MI,2025-09-06,125,26
MI,2025-09-13,145,26
MN,2024-11-09,117,27
MN,2024-11-16,102,27
MN,2024-11-23,142,27
MN,2024-11-30,134,27
MN,2024-12-07,192,27
MN,2024-12-14,225,27
MN,2024-12-21,259,27
MN,2024-12-28,355,27
MN,2025-01-04,508,27
MN,2025-01-11,371,27
MN,2025-01-18,326,27
MN,2025-01-25,274,27
MN,2025-02-01,217,27
MN,2025-02-08,181,27
MN,2025-02-15,149,27
MN,2025-02-22,128,27
MN,2025-03-01,116,27
MN,2025-03-08,112,27
MN,2025-03-15,113,27
MN,2025-03-22,76,27
MN,2025-03-29,79,27
MN,2025-04-05,79,27
MN,2025-04-12,99,27
MN,2025-04-19,87,27
MN,2025-04-26,66,27
MN,2025-05-03,52,27
MN,2025-05-10,65,27
MN,2025-05-17,50,27
MN,2025-05-24,41,27
MN,2025-05-31,44,27
MN,2025-06-07,36,27
MN,2025-06-14,19,27
MN,2025-06-21,26,27
MN,2025-06-28,25,27
MN,2025-07-05,40,27
MN,2025-07-12,19,27
MN,2025-07-19,34,27
MN,2025-07-26,35,27
MN,2025-08-02,32,27
MN,2025-08-09,45,27
MN,2025-08-16,55,27
MN,2025-08-23,77,27
MN,2025-08-30,74,27
MN,2025-09-06,96,27
MN,2025-09-13,98,27
MO,2024-11-09,153,29
MO,2024-11-16,150,29
MO,2024-11-23,175,29
MO,2024-11-30,166,29
MO,2024-12-07,193,29
MO,2024-12-14,247,29
MO,2024-12-21,259,29
MO,2024-12-28,397,29
MO,2025-01-04,483,29
MO,2025-01-11,388,29
MO,2025-01-18,286,29
MO,2025-01-25,278,29
MO,2025-02-01,278,29
MO,2025-02-08,323,29
MO,2025-02-15,306,29
MO,2025-02-22,267,29
MO,2025-03-01,190,29
MO,2025-03-08,204,29
MO,2025-03-15,188,29
MO,2025-03-22,186,29
MO,2025-03-29,133,29
MO,2025-04-05,117,29
MO,2025-04-12,89,29
MO,2025-04-19,92,29
MO,2025-04-26,67,29
MO,2025-05-03,61,29
MO,2025-05-10,53,29
MO,2025-05-17,44,29
MO,2025-05-24,43,29
MO,2025-05-31,45,29
MO,2025-06-07,39,29
MO,2025-06-14,43,29
MO,2025-06-21,44,29
MO,2025-06-28,39,29
MO,2025-07-05,36,29
MO,2025-07-12,37,29
MO,2025-07-19,38,29
MO,2025-07-26,51,29
MO,2025-08-02,53,29
MO,2025-08-09,75,29
MO,2025-08-16,71,29
MO,2025-08-23,59,29
MO,2025-08-30,93,29
MO,2025-09-06,90,29
MO,2025-09-13,113,29
MS,2024-11-09,38,28
MS,2024-11-16,37,28
MS,2024-11-23,50,28
MS,2024-11-30,33,28
MS,2024-12-07,54,28
MS,2024-12-14,67,28
MS,2024-12-21,49,28
MS,2024-12-28,70,28
MS,2025-01-04,133,28
MS,2025-01-11,84,28
MS,2025-01-18,104,28
MS,2025-01-25,109,28
MS,2025-02-01,117,28
MS,2025-02-08,136,28
MS,2025-02-15,74,28
MS,2025-02-22,82,28
MS,2025-03-01,81,28
MS,2025-03-08,102,28
MS,2025-03-15,136,28
MS,2025-03-22,105,28
MS,2025-03-29,74,28
MS,2025-04-05,71,28
MS,2025-04-12,46,28
MS,2025-04-19,52,28
MS,2025-04-26,34,28
MS,2025-05-03,25,28
MS,2025-05-10,34,28
MS,2025-05-17,39,28
MS,2025-05-24,28,28
MS,2025-05-31,26,28
MS,2025-06-07,28,28
MS,2025-06-14,23,28
MS,2025-06-21,30,28
MS,2025-06-28,32,28
MS,2025-07-05,30,28
MS,2025-07-12,21,28
MS,2025-07-19,29,28
MS,2025-07-26,32,28
MS,2025-08-02,35,28
MS,2025-08-09,54,28
MS,2025-08-16,76,28
MS,2025-08-23,59,28
MS,2025-08-30,81,28
MS,2025-09-06,77,28
MS,2025-09-13,69,28
MT,2024-11-09,16,30
MT,2024-11-16,22,30
MT,2024-11-23,26,30
MT,2024-11-30,12,30
MT,2024-12-07,37,30
MT,2024-12-14,26,30
MT,2024-12-21,19,30
MT,2024-12-28,35,30
MT,2025-01-04,37,30
MT,2025-01-11,35,30
MT,2025-01-18,35,30
MT,2025-01-25,19,30
MT,2025-02-01,8,30
MT,2025-02-08,25,30
MT,2025-02-15,18,30
MT,2025-02-22,24,30
MT,2025-03-01,18,30
MT,2025-03-08,21,30
MT,2025-03-15,28,30
MT,2025-03-22,19,30
MT,2025-03-29,12,30
MT,2025-04-05,13,30
MT,2025-04-12,14,30
MT,2025-04-19,7,30
MT,2025-04-26,7,30
MT,2025-05-03,7,30
MT,2025-05-10,8,30
MT,2025-05-17,11,30
MT,2025-05-24,1,30
MT,2025-05-31,11,30
MT,2025-06-07,6,30
MT,2025-06-14,2,30
MT,2025-06-21,9,30
MT,2025-06-28,11,30
MT,2025-07-05,14,30
MT,2025-07-12,9,30
MT,2025-07-19,8,30
MT,2025-07-26,5,30
MT,2025-08-02,16,30
MT,2025-08-09,7,30
MT,2025-08-16,25,30
MT,2025-08-23,12,30
MT,2025-08-30,12,30
MT,2025-09-06,14,30
MT,2025-09-13,14,30
NC,2024-11-09,201,37
NC,2024-11-16,188,37
NC,2024-11-23,162,37
NC,2024-11-30,149,37
NC,2024-12-07,181,37
NC,2024-12-14,232,37
NC,2024-12-21,257,37
NC,2024-12-28,364,37
NC,2025-01-04,492,37
NC,2025-01-11,404,37
NC,2025-01-18,425,37
NC,2025-01-25,420,37
NC,2025-02-01,410,37
NC,2025-02-08,458,37
NC,2025-02-15,381,37
NC,2025-02-22,359,37
NC,2025-03-01,372,37
NC,2025-03-08,381,37
NC,2025-03-15,385,37
NC,2025-03-22,376,37
NC,2025-03-29,291,37
NC,2025-04-05,344,37
NC,2025-04-12,214,37
NC,2025-04-19,219,37
NC,2025-04-26,179,37
NC,2025-05-03,158,37
NC,2025-05-10,125,37
NC,2025-05-17,123,37
NC,2025-05-24,108,37
NC,2025-05-31,95,37
NC,2025-06-07,106,37
NC,2025-06-14,75,37
NC,2025-06-21,95,37
NC,2025-06-28,100,37
NC,2025-07-05,91,37
NC,2025-07-12,103,37
NC,2025-07-19,127,37
NC,2025-07-26,141,37
NC,2025-08-02,175,37
NC,2025-08-09,219,37
NC,2025-08-16,266,37
NC,2025-08-23,383,37
NC,2025-08-30,463,37
NC,2025-09-06,519,37
NC,2025-09-13,519,37
ND,2024-11-09,15,38
ND,2024-11-16,11,38
ND,2024-11-23,19,38
ND,2024-11-30,24,38
ND,2024-12-07,17,38
ND,2024-12-14,17,38
ND,2024-12-21,25,38
ND,2024-12-28,30,38
ND,2025-01-04,38,38
ND,2025-01-11,40,38
ND,2025-01-18,26,38
ND,2025-01-25,24,38
ND,2025-02-01,22,38
ND,2025-02-08,39,38
ND,2025-02-15,32,38
ND,2025-02-22,33,38
ND,2025-03-01,27,38
ND,2025-03-08,27,38
ND,2025-03-15,31,38
ND,2025-03-22,20,38
ND,2025-03-29,13,38
ND,2025-04-05,17,38
ND,2025-04-12,5,38
ND,2025-04-19,7,38
ND,2025-04-26,12,38
ND,2025-05-03,7,38
ND,2025-05-10,9,38
ND,2025-05-17,9,38
ND,2025-05-24,6,38
ND,2025-05-31,9,38
ND,2025-06-07,8,38
ND,2025-06-14,4,38
ND,2025-06-21,6,38
ND,2025-06-28,8,38
ND,2025-07-05,7,38
ND,2025-07-12,6,38
ND,2025-07-19,7,38
ND,2025-07-26,8,38
ND,2025-08-02,9,38
ND,2025-08-09,8,38
ND,2025-08-16,9,38
ND,2025-08-23,12,38
ND,2025-08-30,19,38
ND,2025-09-06,23,38
ND,2025-09-13,10,38
NE,2024-11-09,32,31
NE,2024-11-16,39,31
NE,2024-11-23,36,31
NE,2024-11-30,42,31
NE,2024-12-07,78,31
NE,2024-12-14,66,31
NE,2024-12-21,69,31
NE,2024-12-28,98,31
NE,2025-01-04,109,31
NE,2025-01-11,104,31
NE,2025-01-18,78,31
NE,2025-01-25,79,31
NE,2025-02-01,75,31
NE,2025-02-08,71,31
NE,2025-02-15,77,31
NE,2025-02-22,60,31
NE,2025-03-01,42,31
NE,2025-03-08,53,31
NE,2025-03-15,38,31
NE,2025-03-22,23,31
NE,2025-03-29,36,31
NE,2025-04-05,24,31
NE,2025-04-12,27,31
NE,2025-04-19,22,31
NE,2025-04-26,23,31
NE,2025-05-03,11,31
NE,2025-05-10,19,31
NE,2025-05-17,25,31
NE,2025-05-24,11,31
NE,2025-05-31,6,31
NE,2025-06-07,13,31
NE,2025-06-14,11,31
NE,2025-06-21,4,31
NE,2025-06-28,6,31
NE,2025-07-05,11,31
NE,2025-07-12,7,31
NE,2025-07-19,13,31
NE,2025-07-26,18,31
NE,2025-08-02,9,31
NE,2025-08-09,26,31
NE,2025-08-16,37,31
NE,2025-08-23,35,31
NE,2025-08-30,34,31
NE,2025-09-06,40,31
NE,2025-09-13,38,31
NH,2024-11-09,35,33
NH,2024-11-16,33,33
NH,2024-11-23,20,33
NH,2024-11-30,44,33
NH,2024-12-07,67,33
NH,2024-12-14,68,33
NH,2024-12-21,56,33
NH,2024-12-28,89,33
NH,2025-01-04,143,33
NH,2025-01-11,86,33
NH,2025-01-18,76,33
NH,2025-01-25,70,33
NH,2025-02-01,75,33
NH,2025-02-08,66,33
NH,2025-02-15,43,33
NH,2025-02-22,49,33
NH,2025-03-01,41,33
NH,2025-03-08,36,33
NH,2025-03-15,26,33
NH,2025-03-22,28,33
NH,2025-03-29,22,33
NH,2025-04-05,14,33
NH,2025-04-12,21,33
NH,2025-04-19,19,33
NH,2025-04-26,15,33
NH,2025-05-03,16,33
NH,2025-05-10,8,33
NH,2025-05-17,5,33
NH,2025-05-24,8,33
NH,2025-05-31,4,33
NH,2025-06-07,5,33
NH,2025-06-14,7,33
NH,2025-06-21,7,33
NH,2025-06-28,9,33
NH,2025-07-05,15,33
NH,2025-07-12,11,33
NH,2025-07-19,9,33
NH,2025-07-26,8,33
NH,2025-08-02,10,33
NH,2025-08-09,19,33
NH,2025-08-16,14,33
NH,2025-08-23,15,33
NH,2025-08-30,24,33
NH,2025-09-06,22,33
NH,2025-09-13,16,33
NJ,2024-11-09,186,34
NJ,2024-11-16,193,34
NJ,2024-11-23,210,34
NJ,2024-11-30,187,34
NJ,2024-12-07,188,34
NJ,2024-12-14,241,34
NJ,2024-12-21,300,34
NJ,2024-12-28,425,34
NJ,2025-01-04,647,34
NJ,2025-01-11,477,34
NJ,2025-01-18,509,34
NJ,2025-01-25,459,34
NJ,2025-02-01,468,34
NJ,2025-02-08,450,34
NJ,2025-02-15,366,34
NJ,2025-02-22,347,34
NJ,2025-03-01,339,34
NJ,2025-03-08,324,34
NJ,2025-03-15,297,34
NJ,2025-03-22,311,34
NJ,2025-03-29,276,34
NJ,2025-04-05,269,34
NJ,2025-04-12,270,34
NJ,2025-04-19,270,34
NJ,2025-04-26,220,34
NJ,2025-05-03,196,34
NJ,2025-05-10,169,34
NJ,2025-05-17,115,34
NJ,2025-05-24,130,34
NJ,2025-05-31,133,34
NJ,2025-06-07,127,34
NJ,2025-06-14,114,34
NJ,2025-06-21,122,34
NJ,2025-06-28,93,34
NJ,2025-07-05,119,34
NJ,2025-07-12,90,34
NJ,2025-07-19,106,34
NJ,2025-07-26,136,34
NJ,2025-08-02,148,34
NJ,2025-08-09,162,34
NJ,2025-08-16,188,34
NJ,2025-08-23,216,34
NJ,2025-08-30,262,34
NJ,2025-09-06,236,34
NJ,2025-09-13,269,34
NM,2024-11-09,91,35
NM,2024-11-16,82,35
NM,2024-11-23,119,35
NM,2024-11-30,123,35
NM,2024-12-07,127,35
NM,2024-12-14,144,35
NM,2024-12-21,134,35
NM,2024-12-28,147,35
NM,2025-01-04,165,35
NM,2025-01-11,132,35
NM,2025-01-18,106,35
NM,2025-01-25,75,35
NM,2025-02-01,57,35
NM,2025-02-08,64,35
NM,2025-02-15,38,35
NM,2025-02-22,54,35
NM,2025-03-01,36,35
NM,2025-03-08,40,35
NM,2025-03-15,22,35
NM,2025-03-22,25,35
NM,2025-03-29,39,35
NM,2025-04-05,33,35
NM,2025-04-12,29,35
NM,2025-04-19,22,35
NM,2025-04-26,27,35
NM,2025-05-03,26,35
NM,2025-05-10,13,35
NM,2025-05-17,17,35
NM,2025-05-24,17,35
NM,2025-05-31,23,35
NM,2025-06-07,31,35
NM,2025-06-14,17,35
NM,2025-06-21,22,35
NM,2025-06-28,21,35
NM,2025-07-05,18,35
NM,2025-07-12,22,35
NM,2025-07-19,22,35
NM,2025-07-26,25,35
NM,2025-08-02,28,35
NM,2025-08-09,51,35
NM,2025-08-16,62,35
NM,2025-08-23,83,35
NM,2025-08-30,64,35
NM,2025-09-06,63,35
NM,2025-09-13,29,35
NV,2024-11-09,53,32
NV,2024-11-16,64,32
NV,2024-11-23,33,32
NV,2024-11-30,65,32
NV,2024-12-07,49,32
NV,2024-12-14,52,32
NV,2024-12-21,72,32
NV,2024-12-28,47,32
NV,2025-01-04,66,32
NV,2025-01-11,68,32
NV,2025-01-18,55,32
NV,2025-01-25,48,32
NV,2025-02-01,44,32
NV,2025-02-08,48,32
NV,2025-02-15,34,32
NV,2025-02-22,34,32
NV,2025-03-01,43,32
NV,2025-03-08,32,32
NV,2025-03-15,34,32
NV,2025-03-22,39,32
NV,2025-03-29,35,32
NV,2025-04-05,26,32
NV,2025-04-12,27,32
NV,2025-04-19,31,32
NV,2025-04-26,39,32
NV,2025-05-03,25,32
NV,2025-05-10,46,32
NV,2025-05-17,34,32
NV,2025-05-24,28,32
NV,2025-05-31,25,32
NV,2025-06-07,25,32
NV,2025-06-14,30,32
NV,2025-06-21,20,32
NV,2025-06-28,28,32
NV,2025-07-05,22,32
NV,2025-07-12,26,32
NV,2025-07-19,26,32
NV,2025-07-26,24,32
NV,2025-08-02,41,32
NV,2025-08-09,45,32
NV,2025-08-16,54,32
NV,2025-08-23,55,32
NV,2025-08-30,61,32
NV,2025-09-06,70,32
NV,2025-09-13,36,32
NY,2024-11-09,423,36
NY,2024-11-16,389,36
NY,2024-11-23,403,36
NY,2024-11-30,363,36
NY,2024-12-07,456,36
NY,2024-12-14,506,36
NY,2024-12-21,629,36
NY,2024-12-28,721,36
NY,2025-01-04,1070,36
NY,2025-01-11,930,36
NY,2025-01-18,873,36
NY,2025-01-25,804,36
NY,2025-02-01,799,36
NY,2025-02-08,811,36
NY,2025-02-15,829,36
NY,2025-02-22,708,36
NY,2025-03-01,772,36
NY,2025-03-08,744,36
NY,2025-03-15,725,36
NY,2025-03-22,782,36
NY,2025-03-29,829,36
NY,2025-04-05,727,36
NY,2025-04-12,717,36
NY,2025-04-19,707,36
NY,2025-04-26,692,36
NY,2025-05-03,590,36
NY,2025-05-10,424,36
NY,2025-05-17,391,36
NY,2025-05-24,292,36
NY,2025-05-31,319,36
NY,2025-06-07,314,36
NY,2025-06-14,269,36
NY,2025-06-21,276,36
NY,2025-06-28,213,36
NY,2025-07-05,228,36
NY,2025-07-12,230,36
NY,2025-07-19,274,36
NY,2025-07-26,290,36
NY,2025-08-02,350,36
NY,2025-08-09,366,36
NY,2025-08-16,419,36
NY,2025-08-23,427,36
NY,2025-08-30,417,36
NY,2025-09-06,475,36
NY,2025-09-13,436,36
OH,2024-11-09,396,39
OH,2024-11-16,335,39
OH,2024-11-23,322,39
OH,2024-11-30,332,39
OH,2024-12-07,381,39
OH,2024-12-14,527,39
OH,2024-12-21,691,39
OH,2024-12-28,859,39
OH,2025-01-04,1340,39
OH,2025-01-11,897,39
OH,2025-01-18,847,39
OH,2025-01-25,678,39
OH,2025-02-01,676,39
OH,2025-02-08,633,39
OH,2025-02-15,599,39
OH,2025-02-22,513,39
OH,2025-03-01,492,39
OH,2025-03-08,445,39
OH,2025-03-15,394,39
OH,2025-03-22,349,39
OH,2025-03-29,285,39
OH,2025-04-05,241,39
OH,2025-04-12,220,39
OH,2025-04-19,197,39
OH,2025-04-26,167,39
OH,2025-05-03,181,39
OH,2025-05-10,127,39
OH,2025-05-17,98,39
OH,2025-05-24,80,39
OH,2025-05-31,82,39
OH,2025-06-07,64,39
OH,2025-06-14,70,39
OH,2025-06-21,63,39
OH,2025-06-28,70,39
OH,2025-07-05,62,39
OH,2025-07-12,72,39
OH,2025-07-19,79,39
OH,2025-07-26,89,39
OH,2025-08-02,108,39
OH,2025-08-09,143,39
OH,2025-08-16,160,39
OH,2025-08-23,200,39
OH,2025-08-30,223,39
OH,2025-09-06,278,39
OH,2025-09-13,300,39
OK,2024-11-09,64,40
OK,2024-11-16,73,40
OK,2024-11-23,71,40
OK,2024-11-30,105,40
OK,2024-12-07,145,40
OK,2024-12-14,158,40
OK,2024-12-21,169,40
OK,2024-12-28,238,40
OK,2025-01-04,270,40
OK,2025-01-11,226,40
OK,2025-01-18,205,40
OK,2025-01-25,192,40
OK,2025-02-01,194,40
OK,2025-02-08,158,40
OK,2025-02-15,160,40
OK,2025-02-22,116,40
OK,2025-03-01,117,40
OK,2025-03-08,87,40
OK,2025-03-15,113,40
OK,2025-03-22,97,40
OK,2025-03-29,107,40
OK,2025-04-05,98,40
OK,2025-04-12,93,40
OK,2025-04-19,83,40
OK,2025-04-26,84,40
OK,2025-05-03,56,40
OK,2025-05-10,52,40
OK,2025-05-17,51,40
OK,2025-05-24,50,40
OK,2025-05-31,35,40
OK,2025-06-07,32,40
OK,2025-06-14,38,40
OK,2025-06-21,38,40
OK,2025-06-28,40,40
OK,2025-07-05,26,40
OK,2025-07-12,26,40
OK,2025-07-19,27,40
OK,2025-07-26,42,40
OK,2025-08-02,31,40
OK,2025-08-09,31,40
OK,2025-08-16,37,40
OK,2025-08-23,33,40
OK,2025-08-30,50,40
OK,2025-09-06,70,40
OK,2025-09-13,72,40
OR,2024-11-09,79,41
OR,2024-11-16,76,41
OR,2024-11-23,60,41
OR,2024-11-30,54,41
OR,2024-12-07,59,41
OR,2024-12-14,72,41
OR,2024-12-21,74,41
OR,2024-12-28,86,41
OR,2025-01-04,122,41
OR,2025-01-11,79,41
OR,2025-01-18,81,41
OR,2025-01-25,53,41
OR,2025-02-01,65,41
OR,2025-02-08,69,41
OR,2025-02-15,67,41
OR,2025-02-22,67,41
OR,2025-03-01,55,41
OR,2025-03-08,52,41
OR,2025-03-15,46,41
OR,2025-03-22,37,41
OR,2025-03-29,41,41
OR,2025-04-05,42,41
OR,2025-04-12,46,41
OR,2025-04-19,44,41
OR,2025-04-26,41,41
OR,2025-05-03,56,41
OR,2025-05-10,32,41
OR,2025-05-17,53,41
OR,2025-05-24,43,41
OR,2025-05-31,59,41
OR,2025-06-07,42,41
OR,2025-06-14,35,41
OR,2025-06-21,48,41
OR,2025-06-28,57,41
OR,2025-07-05,56,41
OR,2025-07-12,64,41
OR,2025-07-19,49,41
OR,2025-07-26,68,41
OR,2025-08-02,81,41
OR,2025-08-09,79,41
OR,2025-08-16,102,41
OR,2025-08-23,106,41
OR,2025-08-30,101,41
OR,2025-09-06,127,41
OR,2025-09-13,105,41
PA,2024-11-09,907,42
PA,2024-11-16,1021,42
PA,2024-11-23,1032,42
PA,2024-11-30,640,42
PA,2024-12-07,642,42
PA,2024-12-14,712,42
PA,2024-12-21,773,42
PA,2024-12-28,1143,42
PA,2025-01-04,1325,42
PA,2025-01-11,1439,42
PA,2025-01-18,1661,42
PA,2025-01-25,1458,42
PA,2025-02-01,1507,42
PA,2025-02-08,1319,42
PA,2025-02-15,1099,42
PA,2025-02-22,1019,42
PA,2025-03-01,970,42
PA,2025-03-08,817,42
PA,2025-03-15,730,42
PA,2025-03-22,619,42
PA,2025-03-29,620,42
PA,2025-04-05,432,42
PA,2025-04-12,360,42
PA,2025-04-19,345,42
PA,2025-04-26,337,42
PA,2025-05-03,262,42
PA,2025-05-10,220,42
PA,2025-05-17,151,42
PA,2025-05-24,149,42
PA,2025-05-31,146,42
PA,2025-06-07,131,42
PA,2025-06-14,144,42
PA,2025-06-21,128,42
PA,2025-06-28,120,42
PA,2025-07-05,127,42
PA,2025-07-12,116,42
PA,2025-07-19,124,42
PA,2025-07-26,206,42
PA,2025-08-02,230,42
PA,2025-08-09,292,42
PA,2025-08-16,317,42
PA,2025-08-23,373,42
PA,2025-08-30,401,42
PA,2025-09-06,483,42
PA,2025-09-13,448,42
PR,2024-11-09,26,72
PR,2024-11-16,44,72
PR,2024-11-23,45,72
PR,2024-11-30,78,72
PR,2024-12-07,107,72
PR,2024-12-14,86,72
PR,2024-12-21,116,72
PR,2024-12-28,107,72
PR,2025-01-04,138,72
PR,2025-01-11,133,72
PR,2025-01-18,83,72
PR,2025-01-25,75,72
PR,2025-02-01,78,72
PR,2025-02-08,75,72
PR,2025-02-15,70,72
PR,2025-02-22,45,72
PR,2025-03-01,75,72
PR,2025-03-08,112,72
PR,2025-03-15,98,72
PR,2025-03-22,58,72
PR,2025-03-29,47,72
PR,2025-04-05,68,72
PR,2025-04-12,88,72
PR,2025-04-19,71,72
PR,2025-04-26,86,72
PR,2025-05-03,66,72
PR,2025-05-10,79,72
PR,2025-05-17,92,72
PR,2025-05-24,99,72
PR,2025-05-31,140,72
PR,2025-06-07,164,72
PR,2025-06-14,215,72
PR,2025-06-21,208,72
PR,2025-06-28,144,72
PR,2025-07-05,168,72
PR,2025-07-12,140,72
PR,2025-07-19,121,72
PR,2025-07-26,171,72
PR,2025-08-02,146,72
PR,2025-08-09,162,72
PR,2025-08-16,85,72
PR,2025-08-23,262,72
PR,2025-08-30,213,72
PR,2025-09-06,182,72
PR,2025-09-13,143,72
RI,2024-11-09,29,44
RI,2024-11-16,21,44
RI,2024-11-23,30,44
RI,2024-11-30,21,44
RI,2024-12-07,40,44
RI,2024-12-14,50,44
RI,2024-12-21,41,44
RI,2024-12-28,63,44
RI,2025-01-04,90,44
RI,2025-01-11,87,44
RI,2025-01-18,68,44
RI,2025-01-25,60,44
RI,2025-02-01,72,44
RI,2025-02-08,57,44
RI,2025-02-15,53,44
RI,2025-02-22,36,44
RI,2025-03-01,26,44
RI,2025-03-08,29,44
RI,2025-03-15,31,44
RI,2025-03-22,39,44
RI,2025-03-29,32,44
RI,2025-04-05,23,44
RI,2025-04-12,22,44
RI,2025-04-19,24,44
RI,2025-04-26,31,44
RI,2025-05-03,14,44
RI,2025-05-10,17,44
RI,2025-05-17,16,44
RI,2025-05-24,4,44
RI,2025-05-31,12,44
RI,2025-06-07,25,44
RI,2025-06-14,12,44
RI,2025-06-21,13,44
RI,2025-06-28,11,44
RI,2025-07-05,3,44
RI,2025-07-12,5,44
RI,2025-07-19,11,44
RI,2025-07-26,15,44
RI,2025-08-02,18,44
RI,2025-08-09,20,44
RI,2025-08-16,27,44
RI,2025-08-23,28,44
RI,2025-08-30,31,44
RI,2025-09-06,30,44
RI,2025-09-13,29,44
SC,2024-11-09,77,45
SC,2024-11-16,69,45
SC,2024-11-23,72,45
SC,2024-11-30,67,45
SC,2024-12-07,75,45
SC,2024-12-14,85,45
SC,2024-12-21,132,45
SC,2024-12-28,168,45
SC,2025-01-04,232,45
SC,2025-01-11,177,45
SC,2025-01-18,178,45
SC,2025-01-25,156,45
SC,2025-02-01,200,45
SC,2025-02-08,214,45
SC,2025-02-15,147,45
SC,2025-02-22,134,45
SC,2025-03-01,178,45
SC,2025-03-08,206,45
SC,2025-03-15,161,45
SC,2025-03-22,156,45
SC,2025-03-29,135,45
SC,2025-04-05,149,45
SC,2025-04-12,100,45
SC,2025-04-19,110,45
SC,2025-04-26,90,45
SC,2025-05-03,81,45
SC,2025-05-10,53,45
SC,2025-05-17,54,45
SC,2025-05-24,44,45
SC,2025-05-31,45,45
SC,2025-06-07,42,45
SC,2025-06-14,32,45
SC,2025-06-21,44,45
SC,2025-06-28,45,45
SC,2025-07-05,45,45
SC,2025-07-12,43,45
SC,2025-07-19,54,45
SC,2025-07-26,54,45
SC,2025-08-02,66,45
SC,2025-08-09,86,45
SC,2025-08-16,145,45
SC,2025-08-23,202,45
SC,2025-08-30,216,45
SC,2025-09-06,247,45
SC,2025-09-13,207,45
SD,2024-11-09,30,46
SD,2024-11-16,37,46
SD,2024-11-23,31,46
SD,2024-11-30,21,46
SD,2024-12-07,24,46
SD,2024-12-14,47,46
SD,2024-12-21,26,46
SD,2024-12-28,46,46
SD,2025-01-04,55,46
SD,2025-01-11,47,46
SD,2025-01-18,39,46
SD,2025-01-25,38,46
SD,2025-02-01,56,46
SD,2025-02-08,61,46
SD,2025-02-15,46,46
SD,2025-02-22,42,46
SD,2025-03-01,20,46
SD,2025-03-08,25,46
SD,2025-03-15,10,46
SD,2025-03-22,25,46
SD,2025-03-29,17,46
SD,2025-04-05,13,46
SD,2025-04-12,17,46
SD,2025-04-19,14,46
SD,2025-04-26,9,46
SD,2025-05-03,10,46
SD,2025-05-10,6,46
SD,2025-05-17,3,46
SD,2025-05-24,6,46
SD,2025-05-31,5,46
SD,2025-06-07,3,46
SD,2025-06-14,3,46
SD,2025-06-21,8,46
SD,2025-06-28,4,46
SD,2025-07-05,0,46
SD,2025-07-12,8,46
SD,2025-07-19,7,46
SD,2025-07-26,9,46
SD,2025-08-02,5,46
SD,2025-08-09,19,46
SD,2025-08-16,10,46
SD,2025-08-23,20,46
SD,2025-08-30,13,46
SD,2025-09-06,19,46
SD,2025-09-13,31,46
TN,2024-11-09,122,47
TN,2024-11-16,161,47
TN,2024-11-23,99,47
TN,2024-11-30,143,47
TN,2024-12-07,143,47
TN,2024-12-14,196,47
TN,2024-12-21,176,47
TN,2024-12-28,229,47
TN,2025-01-04,352,47
TN,2025-01-11,247,47
TN,2025-01-18,258,47
TN,2025-01-25,210,47
TN,2025-02-01,244,47
TN,2025-02-08,260,47
TN,2025-02-15,275,47
TN,2025-02-22,237,47
TN,2025-03-01,259,47
TN,2025-03-08,272,47
TN,2025-03-15,265,47
TN,2025-03-22,223,47
TN,2025-03-29,182,47
TN,2025-04-05,168,47
TN,2025-04-12,121,47
TN,2025-04-19,109,47
TN,2025-04-26,98,47
TN,2025-05-03,60,47
TN,2025-05-10,66,47
TN,2025-05-17,56,47
TN,2025-05-24,35,47
TN,2025-05-31,47,47
TN,2025-06-07,37,47
TN,2025-06-14,49,47
TN,2025-06-21,35,47
TN,2025-06-28,35,47
TN,2025-07-05,41,47
TN,2025-07-12,57,47
TN,2025-07-19,61,47
TN,2025-07-26,66,47
TN,2025-08-02,73,47
TN,2025-08-09,98,47
TN,2025-08-16,113,47
TN,2025-08-23,146,47
TN,2025-08-30,154,47
TN,2025-09-06,185,47
TN,2025-09-13,158,47
TX,2024-11-09,327,48
TX,2024-11-16,229,48
TX,2024-11-23,259,48
TX,2024-11-30,284,48
TX,2024-12-07,397,48
TX,2024-12-14,369,48
TX,2024-12-21,462,48
TX,2024-12-28,584,48
TX,2025-01-04,711,48
TX,2025-01-11,579,48
TX,2025-01-18,595,48
TX,2025-01-25,670,48
TX,2025-02-01,777,48
TX,2025-02-08,837,48
TX,2025-02-15,657,48
TX,2025-02-22,620,48
TX,2025-03-01,672,48
TX,2025-03-08,667,48
TX,2025-03-15,619,48
TX,2025-03-22,591,48
TX,2025-03-29,536,48
TX,2025-04-05,452,48
TX,2025-04-12,431,48
TX,2025-04-19,402,48
TX,2025-04-26,369,48
TX,2025-05-03,318,48
TX,2025-05-10,304,48
TX,2025-05-17,273,48
TX,2025-05-24,291,48
TX,2025-05-31,305,48
TX,2025-06-07,274,48
TX,2025-06-14,298,48
TX,2025-06-21,314,48
TX,2025-06-28,287,48
TX,2025-07-05,334,48
TX,2025-07-12,446,48
TX,2025-07-19,477,48
TX,2025-07-26,552,48
TX,2025-08-02,665,48
TX,2025-08-09,794,48
TX,2025-08-16,917,48
TX,2025-08-23,1029,48
TX,2025-08-30,1195,48
TX,2025-09-06,1163,48
TX,2025-09-13,993,48
US,2024-11-09,7870,US
US,2024-11-16,7740,US
US,2024-11-23,7897,US
US,2024-11-30,7729,US
US,2024-12-07,8926,US
US,2024-12-14,9953,US
US,2024-12-21,10993,US
US,2024-12-28,14243,US
US,2025-01-04,18558,US
US,2025-01-11,15297,US
US,2025-01-18,14031,US
US,2025-01-25,12742,US
US,2025-02-01,13189,US
US,2025-02-08,12919,US
US,2025-02-15,11683,US
US,2025-02-22,10415,US
US,2025-03-01,10138,US
US,2025-03-08,9538,US
US,2025-03-15,8965,US
US,2025-03-22,8362,US
US,2025-03-29,7794,US
US,2025-04-05,6806,US
US,2025-04-12,6109,US
US,2025-04-19,5782,US
US,2025-04-26,5431,US
US,2025-05-03,4642,US
US,2025-05-10,4082,US
US,2025-05-17,3876,US
US,2025-05-24,3663,US
US,2025-05-31,3795,US
US,2025-06-07,3702,US
US,2025-06-14,3492,US
US,2025-06-21,3733,US
US,2025-06-28,3606,US
US,2025-07-05,3846,US
US,2025-07-12,4202,US
US,2025-07-19,4536,US
US,2025-07-26,5121,US
US,2025-08-02,6059,US
US,2025-08-09,7022,US
US,2025-08-16,8059,US
US,2025-08-23,9284,US
US,2025-08-30,10177,US
US,2025-09-06,10560,US
US,2025-09-13,9500,US
UT,2024-11-09,43,49
UT,2024-11-16,47,49
UT,2024-11-23,64,49
UT,2024-11-30,59,49
UT,2024-12-07,62,49
UT,2024-12-14,55,49
UT,2024-12-21,65,49
UT,2024-12-28,97,49
UT,2025-01-04,96,49
UT,2025-01-11,71,49
UT,2025-01-18,52,49
UT,2025-01-25,49,49
UT,2025-02-01,48,49
UT,2025-02-08,45,49
UT,2025-02-15,39,49
UT,2025-02-22,60,49
UT,2025-03-01,47,49
UT,2025-03-08,58,49
UT,2025-03-15,41,49
UT,2025-03-22,31,49
UT,2025-03-29,46,49
UT,2025-04-05,20,49
UT,2025-04-12,37,49
UT,2025-04-19,20,49
UT,2025-04-26,26,49
UT,2025-05-03,25,49
UT,2025-05-10,20,49
UT,2025-05-17,22,49
UT,2025-05-24,16,49
UT,2025-05-31,23,49
UT,2025-06-07,17,49
UT,2025-06-14,13,49
UT,2025-06-21,26,49
UT,2025-06-28,20,49
UT,2025-07-05,17,49
UT,2025-07-12,28,49
UT,2025-07-19,26,49
UT,2025-07-26,32,49
UT,2025-08-02,47,49
UT,2025-08-09,41,49
UT,2025-08-16,60,49
UT,2025-08-23,69,49
UT,2025-08-30,64,49
UT,2025-09-06,64,49
UT,2025-09-13,18,49
VA,2024-11-09,126,51
VA,2024-11-16,104,51
VA,2024-11-23,120,51
VA,2024-11-30,107,51
VA,2024-12-07,134,51
VA,2024-12-14,185,51
VA,2024-12-21,198,51
VA,2024-12-28,297,51
VA,2025-01-04,445,51
VA,2025-01-11,300,51
VA,2025-01-18,280,51
VA,2025-01-25,239,51
VA,2025-02-01,317,51
VA,2025-02-08,316,51
VA,2025-02-15,264,51
VA,2025-02-22,227,51
VA,2025-03-01,269,51
VA,2025-03-08,246,51
VA,2025-03-15,217,51
VA,2025-03-22,188,51
VA,2025-03-29,195,51
VA,2025-04-05,172,51
VA,2025-04-12,142,51
VA,2025-04-19,120,51
VA,2025-04-26,113,51
VA,2025-05-03,84,51
VA,2025-05-10,65,51
VA,2025-05-17,60,51
VA,2025-05-24,46,51
VA,2025-05-31,67,51
VA,2025-06-07,32,51
VA,2025-06-14,51,51
VA,2025-06-21,49,51
VA,2025-06-28,42,51
VA,2025-07-05,52,51
VA,2025-07-12,79,51
VA,2025-07-19,72,51
VA,2025-07-26,74,51
VA,2025-08-02,99,51
VA,2025-08-09,119,51
VA,2025-08-16,154,51
VA,2025-08-23,130,51
VA,2025-08-30,180,51
VA,2025-09-06,217,51
VA,2025-09-13,182,51
VT,2024-11-09,23,50
VT,2024-11-16,11,50
VT,2024-11-23,21,50
VT,2024-11-30,12,50
VT,2024-12-07,20,50
VT,2024-12-14,16,50
VT,2024-12-21,10,50
VT,2024-12-28,33,50
VT,2025-01-04,34,50
VT,2025-01-11,35,50
VT,2025-01-18,33,50
VT,2025-01-25,33,50
VT,2025-02-01,30,50
VT,2025-02-08,30,50
VT,2025-02-15,22,50
VT,2025-02-22,15,50
VT,2025-03-01,11,50
VT,2025-03-08,17,50
VT,2025-03-15,10,50
VT,2025-03-22,14,50
VT,2025-03-29,3,50
VT,2025-04-05,6,50
VT,2025-04-12,11,50
VT,2025-04-19,10,50
VT,2025-04-26,6,50
VT,2025-05-03,8,50
VT,2025-05-10,4,50
VT,2025-05-17,7,50
VT,2025-05-24,11,50
VT,2025-05-31,2,50
VT,2025-06-07,4,50
VT,2025-06-14,3,50
VT,2025-06-21,2,50
VT,2025-06-28,1,50
VT,2025-07-05,6,50
VT,2025-07-12,3,50
VT,2025-07-19,3,50
VT,2025-07-26,1,50
VT,2025-08-02,8,50
VT,2025-08-09,7,50
VT,2025-08-16,1,50
VT,2025-08-23,2,50
VT,2025-08-30,5,50
VT,2025-09-06,13,50
VT,2025-09-13,8,50
WA,2024-11-09,98,53
WA,2024-11-16,83,53
WA,2024-11-23,89,53
WA,2024-11-30,78,53
WA,2024-12-07,56,53
WA,2024-12-14,76,53
WA,2024-12-21,86,53
WA,2024-12-28,115,53
WA,2025-01-04,148,53
WA,2025-01-11,112,53
WA,2025-01-18,89,53
WA,2025-01-25,104,53
WA,2025-02-01,120,53
WA,2025-02-08,139,53
WA,2025-02-15,147,53
WA,2025-02-22,189,53
WA,2025-03-01,123,53
WA,2025-03-08,93,53
WA,2025-03-15,99,53
WA,2025-03-22,85,53
WA,2025-03-29,89,53
WA,2025-04-05,57,53
WA,2025-04-12,72,53
WA,2025-04-19,77,53
WA,2025-04-26,81,53
WA,2025-05-03,53,53
WA,2025-05-10,65,53
WA,2025-05-17,64,53
WA,2025-05-24,92,53
WA,2025-05-31,98,53
WA,2025-06-07,88,53
WA,2025-06-14,69,53
WA,2025-06-21,85,53
WA,2025-06-28,92,53
WA,2025-07-05,90,53
WA,2025-07-12,93,53
WA,2025-07-19,96,53
WA,2025-07-26,102,53
WA,2025-08-02,131,53
WA,2025-08-09,124,53
WA,2025-08-16,159,53
WA,2025-08-23,158,53
WA,2025-08-30,189,53
WA,2025-09-06,179,53
WA,2025-09-13,194,53
WI,2024-11-09,158,55
WI,2024-11-16,149,55
WI,2024-11-23,152,55
WI,2024-11-30,136,55
WI,2024-12-07,192,55
WI,2024-12-14,231,55
WI,2024-12-21,295,55
WI,2024-12-28,406,55
WI,2025-01-04,522,55
WI,2025-01-11,403,55
WI,2025-01-18,414,55
WI,2025-01-25,361,55
WI,2025-02-01,309,55
WI,2025-02-08,338,55
WI,2025-02-15,262,55
WI,2025-02-22,225,55
WI,2025-03-01,192,55
WI,2025-03-08,165,55
WI,2025-03-15,146,55
WI,2025-03-22,140,55
WI,2025-03-29,112,55
WI,2025-04-05,113,55
WI,2025-04-12,91,55
WI,2025-04-19,92,55
WI,2025-04-26,83,55
WI,2025-05-03,65,55
WI,2025-05-10,61,55
WI,2025-05-17,50,55
WI,2025-05-24,34,55
WI,2025-05-31,36,55
WI,2025-06-07,37,55
WI,2025-06-14,19,55
WI,2025-06-21,37,55
WI,2025-06-28,27,55
WI,2025-07-05,28,55
WI,2025-07-12,35,55
WI,2025-07-19,48,55
WI,2025-07-26,41,55
WI,2025-08-02,47,55
WI,2025-08-09,61,55
WI,2025-08-16,75,55
WI,2025-08-23,82,55
WI,2025-08-30,96,55
WI,2025-09-06,131,55
WI,2025-09-13,144,55
WV,2024-11-09,62,54
WV,2024-11-16,64,54
WV,2024-11-23,146,54
WV,2024-11-30,147,54
WV,2024-12-07,92,54
WV,2024-12-14,156,54
WV,2024-12-21,102,54
WV,2024-12-28,143,54
WV,2025-01-04,181,54
WV,2025-01-11,141,54
WV,2025-01-18,143,54
WV,2025-01-25,111,54
WV,2025-02-01,91,54
WV,2025-02-08,114,54
WV,2025-02-15,124,54
WV,2025-02-22,109,54
WV,2025-03-01,104,54
WV,2025-03-08,91,54
WV,2025-03-15,61,54
WV,2025-03-22,63,54
WV,2025-03-29,59,54
WV,2025-04-05,49,54
WV,2025-04-12,32,54
WV,2025-04-19,27,54
WV,2025-04-26,40,54
WV,2025-05-03,19,54
WV,2025-05-10,19,54
WV,2025-05-17,11,54
WV,2025-05-24,17,54
WV,2025-05-31,11,54
WV,2025-06-07,5,54
WV,2025-06-14,8,54
WV,2025-06-21,9,54
WV,2025-06-28,14,54
WV,2025-07-05,12,54
WV,2025-07-12,10,54
WV,2025-07-19,9,54
WV,2025-07-26,13,54
WV,2025-08-02,14,54
WV,2025-08-09,41,54
WV,2025-08-16,29,54
WV,2025-08-23,32,54
WV,2025-08-30,40,54
WV,2025-09-06,48,54
WV,2025-09-13,69,54
WY,2024-11-09,61,56
WY,2024-11-16,47,56
WY,2024-11-23,28,56
WY,2024-11-30,45,56
WY,2024-12-07,40,56
WY,2024-12-14,53,56
WY,2024-12-21,33,56
WY,2024-12-28,92,56
WY,2025-01-04,45,56
WY,2025-01-11,45,56
WY,2025-01-18,47,56
WY,2025-01-25,29,56
WY,2025-02-01,54,56
WY,2025-02-08,23,56
WY,2025-02-15,18,56
WY,2025-02-22,20,56
WY,2025-03-01,5,56
WY,2025-03-08,13,56
WY,2025-03-15,20,56
WY,2025-03-22,20,56
WY,2025-03-29,17,56
WY,2025-04-05,9,56
WY,2025-04-12,13,56
WY,2025-04-19,5,56
WY,2025-04-26,13,56
WY,2025-05-03,6,56
WY,2025-05-10,5,56
WY,2025-05-17,12,56
WY,2025-05-24,6,56
WY,2025-05-31,4,56
WY,2025-06-07,2,56
WY,2025-06-14,10,56
WY,2025-06-21,3,56
WY,2025-06-28,7,56
WY,2025-07-05,2,56
WY,2025-07-12,11,56
WY,2025-07-19,9,56
WY,2025-07-26,7,56
WY,2025-08-02,11,56
WY,2025-08-09,15,56
WY,2025-08-16,12,56
WY,2025-08-23,13,56
WY,2025-08-30,10,56
WY,2025-09-06,23,56
WY,2025-09-13,6,56
